#;Ano Letivo de Previsão de Conclusão;Ano de Conclusão;Ano de Conclusão do Ensino Anterior;Data de Ingresso;Ano de Ingresso;Data da defesa do TCC;Data de Conclusão de Curso;Data de Expedisão do Diploma;Data de Matrícula;Data de Nascimento;Data previsa de defesa do TCC;Deficiência;Descrição do Curso;Estado;Estado Civil;Etnia/Raça;Forma de Ingresso;I.R.A.;Município de Redsidência;Município de Redsidência (Código IBGE);Média Geral no Período;Nacionalidade;Naturalidade;Naturalidade (Código IBGE);Nível de Ensino;Percentual de Progresso;Período de Ingresso;Renda Per Capita;Sexo;Situação no Curso;Situação no Período;Tipo de Escola de Origem;Transporte Escolar: Poder Público;Transporte Escolar: Tipo de Veículo;Transtorno;Zona Residencial;Prática Profissional Pendente;Colação de Grau Pendente;Atividades Complementares Pendente;Carga Horária de TCC Pendente;Carga Horária de Prática Profissional Pendente;Registro de TCC Pendente;Carga Horária de Seminário Pendente;Carga Horária Eletiva Pendente;Carga Horária Optativa Pendente;Carga Horária Obrigatória Pendente;Registro do ENADE;Dias Para Formar;Dias Para Defesa TCC;Idade;Minimo Previsto Para Formar;Maximo Previsto Para Formar;Diferença Dias P/F e D/TCC;Cotista;codigo da cota
1;2027;;2022.0;03/02/2025;2025;;;;20/03/2025;05/02/2005;;;Curso Superior de Tecnologia em Análise e Desenvolvimento de Sistemas;TO;Solteiro;Parda;SISU/LB_PPI: Candidatos autodeclarados pretos, pardos ou indígenas, com renda familiar bruta per capita igual ou inferior a 1 salário mínimo e que tenham cursado integralmente o ensino médio em escolas públicas;68.88;AraguaínaTO;1702109;0;Brasileira;AraguaínaTO;1702109;Graduação;15.0;1;0.86;M;Matriculado;Matriculado;Pública;;;;Urbana;Não;Sim;Sim;Sim;Não;Sim;Não;Não;Não;Sim;Sim;;;20;1096;2192;;Sim;LB_PPI
2;2027;;2009.0;03/02/2025;2025;;;;21/03/2025;25/11/1992;;;Curso Superior de Tecnologia em Análise e Desenvolvimento de Sistemas;TO;Solteiro;Parda;Processo Seletivo/Ampla Concorrência (AC);87.96;AraguaínaTO;1702109;0;Brasileira;XambioáTO;1722107;Graduação;15.0;1;1.84;F;Matriculado;Matriculado;Pública;;;;Urbana;Não;Sim;Sim;Sim;Não;Sim;Não;Não;Não;Sim;Sim;;;32;1096;2192;;Não;AC
3;2025;;;30/01/2023;2023;;;;22/03/2025;30/07/2004;;;Curso Superior de Tecnologia em Análise e Desenvolvimento de Sistemas;TO;Solteiro;Branca;Processo Seletivo/Ampla Concorrência (AC);85.28;AraguaínaTO;1702109;0;Brasileira;ImperatrizMA;2105302;Graduação;75.0;1;0.61;M;Matriculado;Matriculado;Pública;;;;Urbana;Não;Sim;Sim;Sim;Não;Sim;Não;Não;Não;Sim;Sim;;;21;1096;2192;;Não;AC
4;2026;;2023.0;25/01/2024;2024;;;;23/03/2025;14/08/2005;;;Curso Superior de Tecnologia em Análise e Desenvolvimento de Sistemas;TO;Solteiro;Branca;Processo Seletivo/Escola pública, independente de renda (R8);52.18;AraguaínaTO;1702109;0;Brasileira;AraguaínaTO;1702109;Graduação;32.0;1;0.35;M;Matriculado;Matriculado;Pública;;;;Urbana;Não;Sim;Sim;Sim;Não;Sim;Não;Não;Não;Sim;Sim;;;20;1096;2192;;Sim;R8
5;2025;;2016.0;30/01/2023;2023;;;;24/03/2025;28/06/1999;;;Curso Superior de Tecnologia em Análise e Desenvolvimento de Sistemas;TO;Solteiro;Parda;Processo Seletivo/Escola Pública, Preto, Pardo ou Indígena, baixa renda (R2);85.81;PiraquêTO;1717206;0;Brasileira;Nova OlindaTO;1714880;Graduação;78.0;1;2.44;M;Matriculado;Matriculado;Pública;Municipal;Kombi Micro-ônibus;;Urbana;Não;Sim;Sim;Sim;Não;Sim;Não;Não;Não;Sim;Sim;;;26;1096;2192;;Sim;R2
6;2027;;2020.0;14/01/2022;2022;;;;25/03/2025;03/06/2003;;;Curso Superior de Tecnologia em Análise e Desenvolvimento de Sistemas;TO;Solteiro;Parda;PS/Ampla Concorrência (Inativa);56.21;AraguaínaTO;1702109;0;Brasileira;AraguaínaTO;1702109;Graduação;25.35;1;;M;Cancelamento por Desligamento;Cancelamento por Desligamento;Pública;;;;Urbana;Não;Sim;Sim;;Não;Sim;;Não;Não;Sim;Sim;;;22;1096;2192;;Não;AC
7;2022;;2012.0;02/03/2017;2017;;;;26/03/2025;25/07/1994;;;Curso Superior de Tecnologia em Análise e Desenvolvimento de Sistemas;TO;Solteiro;Parda;SISU/Ampla concorrência;1.0;AraguaínaTO;1702109;0;Brasileira;AraguaínaTO;1702109;Graduação;26.95;1;;F;Cancelamento por Desligamento;Período Fechado;Pública;;;;Urbana;;;;;;;;;;;;;;31;1096;2192;;Não;AC
8;2021;;2012.0;23/03/2016;2016;;;;27/03/2025;25/04/1984;;;Curso Superior de Tecnologia em Análise e Desenvolvimento de Sistemas;TO;Casado;Preta;SISU/Ampla concorrência;1.0;AraguaínaTO;1702109;0;Brasileira;CarolinaMA;2102804;Graduação;33.33;1;;M;Cancelamento por Desligamento;Período Fechado;Pública;;;;Urbana;;;;;;;;;;;;;;41;1096;2192;;Não;AC
9;2024;;1997.0;28/01/2019;2019;;;;28/03/2025;27/04/1981;;;Curso Superior de Tecnologia em Análise e Desenvolvimento de Sistemas;TO;Solteiro;Branca;PS/Ampla Concorrência (Inativa);1.0;AraguaínaTO;1702109;0;Brasileira;AraguaínaTO;1702109;Graduação;19.05;1;;M;Cancelamento por Desligamento;Período Fechado;Privada;;;;Urbana;;;;;;;;;;;;;;44;1096;2192;;Não;AC
10;2027;;2024.0;03/02/2025;2025;;;;29/03/2025;25/12/2006;;;Curso Superior de Tecnologia em Análise e Desenvolvimento de Sistemas;TO;Solteiro;Branca;Processo Seletivo/LI_EP: Candidatos que, independentemente da renda, tenham cursado integralmente o ensino médio em escolas públicas;72.97;AraguaínaTO;1702109;0;Brasileira;AraguaínaTO;1702109;Graduação;15.0;1;0.54;M;Matriculado;Matriculado;Pública;;;;Urbana;Não;Sim;Sim;Sim;Não;Sim;Não;Não;Não;Sim;Sim;;;18;1096;2192;;Sim;LI_EP
11;2025;;2022.0;30/01/2023;2023;;;;30/03/2025;08/11/2004;;;Curso Superior de Tecnologia em Análise e Desenvolvimento de Sistemas;TO;Solteiro;Branca;Processo Seletivo/Ampla Concorrência (AC);89.3;AraguaínaTO;1702109;0;Brasileira;AraguaínaTO;1702109;Graduação;78.0;1;1.42;M;Matriculado;Matriculado;Pública;;;;Urbana;Não;Sim;Sim;Sim;Não;Sim;Não;Não;Não;Sim;Sim;;;20;1096;2192;;Não;AC
12;2021;;2015.0;23/03/2016;2016;;;;31/03/2025;25/02/1998;;;Curso Superior de Tecnologia em Análise e Desenvolvimento de Sistemas;TO;Solteiro;Preta;PS/Ampla Concorrência (Inativa);1.0;AraguaínaTO;1702109;0;Brasileira;AraguaínaTO;1702109;Graduação;68.24;1;;M;Cancelamento por Desligamento;Período Fechado;Pública;;;;Urbana;;;;;;;;;;;;;;27;1096;2192;;Não;AC
13;2022;;1996.0;02/03/2017;2017;;;;01/04/2025;19/04/1967;;;Curso Superior de Tecnologia em Análise e Desenvolvimento de Sistemas;TO;Casado;Branca;SISU/Ampla concorrência;1.0;AraguaínaTO;1702109;0;Brasileira;Porto AlegreRS;4314902;Graduação;0.0;1;;M;Cancelamento por Desligamento;Período Fechado;Privada;;;;Urbana;;;;;;;;;;;;;;58;1096;2192;;Não;AC
29;2027;2024.0;2017.0;14/01/2022;2022;23/10/2024;05/02/2025;25/04/2025;17/04/2025;28/11/2003;;;Curso Superior de Tecnologia em Análise e Desenvolvimento de Sistemas;TO;Solteiro;Preta;PS/Ampla Concorrência (Inativa);92.52;AraguaínaTO;1702109;97,8;Brasileira;AraguaínaTO;1702109;Graduação;100.0;1;0.65;M;Formado;Período Fechado;Pública;;;;Urbana;Não;Não;Não;Não;Não;Não;;Não;Não;Não;Não;1118.0;1013.0;21;1096;2192;105.0;Não;AC
15;2021;;2006.0;23/03/2016;2016;;;;03/04/2025;03/12/1989;;;Curso Superior de Tecnologia em Análise e Desenvolvimento de Sistemas;TO;Solteiro;Parda;SISU/Ampla concorrência;1.0;AraguaínaTO;1702109;0;Brasileira;TucumaPA;1508084;Graduação;0.0;1;;M;Cancelamento por Desligamento;Período Fechado;Pública;;;;Urbana;;;;;;;;;;;;;;35;1096;2192;;Não;AC
41;2027;2024.0;2020.0;14/01/2022;2022;23/10/2024;20/05/2025;03/06/2025;29/04/2025;11/04/2004;23/10/2024;;Curso Superior de Tecnologia em Análise e Desenvolvimento de Sistemas;TO;Solteiro;Branca;Processo Seletivo/Escola pública, baixa renda (R4);89.5;AraguaínaTO;1702109;97,8;Brasileira;XambioáTO;1722107;Graduação;100.0;1;0.26;F;Formado;Período Fechado;Pública;;;;Urbana;Não;Não;Não;Não;Não;Não;Não;Não;Não;Não;Não;1222.0;1013.0;21;1096;2192;209.0;Sim;R4
17;2027;;2024.0;03/02/2025;2025;;;;05/04/2025;17/09/2007;;;Curso Superior de Tecnologia em Análise e Desenvolvimento de Sistemas;TO;Solteiro;Branca;Processo Seletivo/Ampla Concorrência (AC);87.18;AraguaínaTO;1702109;0;Brasileira;ImperatrizMA;2105302;Graduação;15.0;1;0.62;M;Matriculado;Matriculado;Pública;;;;Urbana;Não;Sim;Sim;Sim;Não;Sim;Não;Não;Não;Sim;Sim;;;18;1096;2192;;Não;AC
18;2027;;2018.0;14/01/2022;2022;;;;06/04/2025;18/10/2003;;;Curso Superior de Tecnologia em Análise e Desenvolvimento de Sistemas;TO;Solteiro;Branca;PS/Ampla Concorrência (Inativa);88.24;AraguaínaTO;1702109;0;Brasileira;AraguaínaTO;1702109;Graduação;92.0;1;0.35;M;Matriculado;Matriculado;Pública;;;;Urbana;Não;Sim;Não;Sim;Não;Sim;Não;Não;Não;Sim;Sim;;;21;1096;2192;;Não;AC
19;2028;;2003.0;03/02/2025;2025;;;;07/04/2025;05/06/1986;;;Curso Superior de Tecnologia em Análise e Desenvolvimento de Sistemas;TO;Casado;Preta;PS/Portador de Diploma;80.0;AraguaínaTO;1702109;0;Brasileira;LoretoMA;2106102;Graduação;1.0;2;;F;Matriculado;Matriculado;Pública;;;;Urbana;Não;Sim;Sim;Sim;Não;Sim;Não;Não;Não;Sim;Sim;;;39;1096;2192;;Sim;Diploma
20;2026;;2017.0;25/01/2024;2024;;;;08/04/2025;13/06/2000;;;Curso Superior de Tecnologia em Análise e Desenvolvimento de Sistemas;TO;Casado;Parda;Processo Seletivo/Escola Pública, Preto, Pardo ou Indígena, baixa renda (R2);0.0;AraguaínaTO;1702109;0;Brasileira;São Geraldo do AraguaiaPA;1507458;Graduação;;1;;F;Cancelado;Cancelada;Pública;;;;Urbana;;;;;;;;;;;;;;25;1096;2192;;Sim;R2
40;2022;;2014.0;02/03/2017;2017;17/12/2019;20/02/2020;;28/04/2025;14/09/1996;;;Curso Superior de Tecnologia em Análise e Desenvolvimento de Sistemas;TO;Solteiro;Parda;Processo Seletivo/Escola Pública, Preto, Pardo ou Indígena, baixa renda (R2);1.0;AraguaínaTO;1702109;0;Brasileira;AraguaínaTO;1702109;Graduação;100.0;1;;F;Concluído;Período Fechado;Pública;;;;Urbana;;;;;;;;;;;;1085.0;1020.0;29;1096;2192;65.0;Sim;R2
22;2026;;2011.0;22/02/2021;2021;;;;10/04/2025;16/03/1993;;;Curso Superior de Tecnologia em Análise e Desenvolvimento de Sistemas;TO;Solteiro;Parda;Processo Seletivo/Escola Pública, Preto, Pardo ou Indígena, baixa renda (R2);77.47;AraguaínaTO;1702109;0;Brasileira;AraguaínaTO;1702109;Graduação;49.0;1;1.15;M;Transferido Interno;Transf. Curso;Pública;;;;Urbana;Não;Sim;Sim;;Não;Sim;;Não;Não;Sim;Sim;;;32;1096;2192;;Sim;R2
23;2022;;2011.0;02/03/2017;2017;;;;11/04/2025;23/11/1991;;;Curso Superior de Tecnologia em Análise e Desenvolvimento de Sistemas;TO;Solteiro;Preta;SISU/Ampla concorrência;1.0;AraguaínaTO;1702109;0;Brasileira;BelémPA;1501402;Graduação;0.0;1;;M;Cancelamento por Desligamento;Período Fechado;Privada;;;;Urbana;;;;;;;;;;;;;;33;1096;2192;;Não;AC
310;2024;;2012.0;28/01/2019;2019;;;;23/01/2026;14/09/1994;;Baixa Visão;Curso Superior de Tecnologia em Análise e Desenvolvimento de Sistemas;TO;Solteiro;Amarela;SISU/Candidato com deficiência;1.0;AraguaínaTO;1702109;0;Brasileira;AraguaínaTO;1702109;Graduação;0.0;1;;M;Cancelamento por Desligamento;Período Fechado;Pública;;;;Urbana;;;;;;;;;;;;;;31;1096;2192;;Sim;LI_PCD
375;2022;;2016.0;02/03/2017;2017;17/12/2019;20/02/2020;;29/03/2026;24/02/1999;;;Curso Superior de Tecnologia em Análise e Desenvolvimento de Sistemas;TO;Solteiro;Parda;SISU/Ampla concorrência;1.0;AraguaínaTO;1702109;0;Brasileira;ArapiracaAL;2700300;Graduação;100.0;1;;M;Concluído;Período Fechado;Pública;;;;Urbana;;;;;;;;;;;;1085.0;1020.0;26;1096;2192;65.0;Não;AC
26;2024;;2015.0;28/01/2019;2019;;;;14/04/2025;30/07/2002;;;Curso Superior de Tecnologia em Análise e Desenvolvimento de Sistemas;TO;Solteiro;Parda;PS/Ampla Concorrência (Inativa);1.0;AraguaínaTO;1702109;0;Brasileira;AraguaínaTO;1702109;Graduação;15.86;1;;F;Cancelamento por Desligamento;Período Fechado;Privada;;;;Urbana;;;;;;;;;;;;;;23;1096;2192;;Não;AC
455;2022;;2014.0;02/03/2017;2017;17/12/2019;23/10/2020;;17/06/2026;01/03/1998;;;Curso Superior de Tecnologia em Análise e Desenvolvimento de Sistemas;PA;Solteiro;Parda;SISU/Ampla concorrência;1.0;CurionópolisPA;1502772;0;Brasileira;ParauapebasPA;1505536;Graduação;100.0;1;;M;Concluído;Período Fechado;Pública;;;;Urbana;;;;;;;;;;;;1331.0;1020.0;27;1096;2192;311.0;Não;AC
28;2025;;;30/01/2023;2023;;;;16/04/2025;16/01/2001;;;Curso Superior de Tecnologia em Análise e Desenvolvimento de Sistemas;TO;Solteiro;Parda;Processo Seletivo/Ampla Concorrência (AC);87.19;AraguaínaTO;1702109;0;Brasileira;AraguaínaTO;1702109;Graduação;58.0;1;1.42;M;Matriculado;Matriculado;Pública;;;;Urbana;Não;Sim;Sim;Sim;Não;Sim;Não;Não;Não;Sim;Sim;;;24;1096;2192;;Não;AC
74;2026;2024.0;2018.0;22/02/2021;2021;19/12/2023;14/03/2024;10/09/2024;01/06/2025;28/10/1998;;;Curso Superior de Tecnologia em Análise e Desenvolvimento de Sistemas;TO;Solteiro;Branca;Processo Seletivo/Escola pública, independente de renda (R8);89.49;AraguaínaTO;1702109;0;Brasileira;AraguaínaTO;1702109;Graduação;100.0;1;0.76;M;Formado;Período Fechado;Pública;;;;Urbana;Não;Não;Não;Não;Não;Não;;Não;Não;Não;Não;1116.0;1030.0;26;1096;2192;86.0;Sim;R8
30;2027;;2018.0;14/01/2022;2022;;;;18/04/2025;12/09/2000;;;Curso Superior de Tecnologia em Análise e Desenvolvimento de Sistemas;TO;Solteiro;Parda;Processo Seletivo/Escola Pública, Preto, Pardo ou Indígena, baixa renda (R2);39.84;AraguaínaTO;1702109;0;Brasileira;AraguaínaTO;1702109;Graduação;11.0;1;0.76;M;Cancelamento Compulsório;Cancelamento Compulsório;Pública;;;;Urbana;Não;Sim;Sim;Não;Não;Sim;;Não;Não;Sim;Sim;;;25;1096;2192;;Sim;R2
31;2021;;2009.0;23/03/2016;2016;;;;19/04/2025;23/02/1992;;;Curso Superior de Tecnologia em Análise e Desenvolvimento de Sistemas;TO;Solteiro;Parda;PS/Ampla Concorrência (Inativa);1.0;AraguaínaTO;1702109;0;Brasileira;AraguaínaTO;1702109;Graduação;0.0;1;;M;Cancelado;Período Fechado;Pública;;;;Urbana;;;;;;;;;;;;;;33;1096;2192;;Não;AC
32;2024;;2001.0;28/01/2019;2019;;;;20/04/2025;09/12/1983;;;Curso Superior de Tecnologia em Análise e Desenvolvimento de Sistemas;TO;Casado;Parda;PS/Ampla Concorrência (Inativa);1.0;AraguaínaTO;1702109;0;Brasileira;AraguaínaTO;1702109;Graduação;15.86;1;;M;Cancelamento por Desligamento;Período Fechado;Privada;;;;Urbana;;;;;;;;;;;;;;41;1096;2192;;Não;AC
33;2022;;2012.0;02/03/2017;2017;;;;21/04/2025;30/12/1994;;;Curso Superior de Tecnologia em Análise e Desenvolvimento de Sistemas;TO;Casado;Preta;PS/Ampla Concorrência (Inativa);1.0;AraguaínaTO;1702109;0;Brasileira;AraguaínaTO;1702109;Graduação;3.19;1;;F;Cancelamento por Desligamento;Período Fechado;Pública;;;;Urbana;;;;;;;;;;;;;;30;1096;2192;;Não;AC
93;2024;;1998.0;28/01/2019;2019;;;;20/06/2025;03/08/1977;;;Curso Superior de Tecnologia em Análise e Desenvolvimento de Sistemas;TO;Casado;Parda;PS/Portador de Diploma;1.0;AraguaínaTO;1702109;0;Brasileira;ImperatrizMA;2105302;Graduação;15.86;1;;M;Cancelamento por Desligamento;Período Fechado;Privada;;;;Urbana;;;;;;;;;;;;;;48;1096;2192;;Sim;Diploma
35;2027;;2012.0;03/02/2025;2025;;;;23/04/2025;30/12/1994;;;Curso Superior de Tecnologia em Análise e Desenvolvimento de Sistemas;TO;Solteiro;Preta;Processo Seletivo/Ampla Concorrência (AC);85.26;AraguaínaTO;1702109;0;Brasileira;AraguaínaTO;1702109;Graduação;15.0;1;1.18;F;Matriculado;Matriculado;Pública;;;;Urbana;Não;Sim;Sim;Sim;Não;Sim;Não;Não;Não;Sim;Sim;;;30;1096;2192;;Não;AC
36;2021;;2015.0;23/03/2016;2016;;;;24/04/2025;03/03/1997;;;Curso Superior de Tecnologia em Análise e Desenvolvimento de Sistemas;TO;Solteiro;Parda;PS/Ampla Concorrência (Inativa);1.0;AraguaínaTO;1702109;0;Brasileira;Colinas do TocantinsTO;1705508;Graduação;11.1;1;;F;Cancelamento por Desligamento;Período Fechado;Pública;;;;Urbana;;;;;;;;;;;;;;28;1096;2192;;Não;AC
37;2022;;2016.0;02/03/2017;2017;;;;25/04/2025;06/05/1999;;;Curso Superior de Tecnologia em Análise e Desenvolvimento de Sistemas;TO;União Estável;Branca;PS/Ampla Concorrência (Inativa);1.0;AraguaínaTO;1702109;0;Brasileira;AraguaínaTO;1702109;Graduação;15.86;1;;F;Cancelamento por Desligamento;Período Fechado;Privada;;;;Urbana;;;;;;;;;;;;;;26;1096;2192;;Não;AC
38;2021;;2013.0;23/03/2016;2016;;;;26/04/2025;18/10/1997;;;Curso Superior de Tecnologia em Análise e Desenvolvimento de Sistemas;TO;Solteiro;Amarela;PS/Ampla Concorrência (Inativa);1.0;AraguaínaTO;1702109;0;Brasileira;AraguaínaTO;1702109;Graduação;57.14;1;;F;Cancelamento por Desligamento;Período Fechado;Pública;;;;Rural;;;;;;;;;;;;;;27;1096;2192;;Não;AC
39;2025;;2018.0;03/02/2020;2020;;;;27/04/2025;07/03/2000;;;Curso Superior de Tecnologia em Análise e Desenvolvimento de Sistemas;TO;Solteiro;Parda;Processo Seletivo/Escola pública, baixa renda (R4);1.0;AraguaínaTO;1702109;0;Brasileira;PalmasTO;1721000;Graduação;39.69;1;;F;Transferido Externo;Período Fechado;Pública;;;;Urbana;;;;;;;;;;;;;;25;1096;2192;;Sim;R4
256;2026;;2023.0;25/01/2024;2024;;;;30/11/2025;08/09/2006;;;Curso Superior de Tecnologia em Análise e Desenvolvimento de Sistemas;TO;Solteiro;Parda;SISU/Candidatos afrodescendentes residentes em quilombo;87.02;MuricilândiaTO;1713957;0;Brasileira;AraguaínaTO;1702109;Graduação;46.0;1;0.99;M;Matriculado;Matriculado;Pública;Municipal;Ônibus;;Urbana;Não;Sim;Sim;Sim;Não;Sim;Não;Não;Não;Sim;Sim;;;19;1096;2192;;Sim;LI_Q
227;2025;2022.0;2016.0;03/02/2020;2020;20/12/2022;16/03/2023;;01/11/2025;12/10/2001;;;Curso Superior de Tecnologia em Análise e Desenvolvimento de Sistemas;TO;Solteiro;Branca;PS/Ampla Concorrência (Inativa);91.3;AraguaínaTO;1702109;0;Brasileira;São Raimundo das MangabeirasMA;2111607;Graduação;100.0;1;;F;Formado;Período Fechado;Pública;;;;Urbana;Não;Não;Não;Não;Não;Não;;Não;Não;Não;Não;1137.0;1051.0;24;1096;2192;86.0;Não;AC
231;2025;2022.0;2019.0;03/02/2020;2020;20/12/2022;16/03/2023;;05/11/2025;11/01/2002;;;Curso Superior de Tecnologia em Análise e Desenvolvimento de Sistemas;TO;Solteiro;Parda;PS/Ampla Concorrência (Inativa);82.77;AraguaínaTO;1702109;0;Brasileira;AraguaínaTO;1702109;Graduação;100.0;1;;M;Formado;Período Fechado;Pública;;;;Urbana;Não;Não;Não;Não;Não;Não;;Não;Não;Não;Não;1137.0;1051.0;23;1096;2192;86.0;Não;AC
43;2027;;2019.0;14/01/2022;2022;;;;01/05/2025;03/09/2001;;;Curso Superior de Tecnologia em Análise e Desenvolvimento de Sistemas;TO;Solteiro;Branca;PS/Ampla Concorrência (Inativa);41.72;AraguaínaTO;1702109;0;Brasileira;AraguaínaTO;1702109;Graduação;27.0;1;0.5;M;Matriculado;Matriculado;Pública;;;;Urbana;Não;Sim;Sim;Sim;Não;Sim;Não;Não;Não;Sim;Sim;;;24;1096;2192;;Não;AC
44;2026;;2022.0;25/01/2024;2024;;;;02/05/2025;11/04/2006;;;Curso Superior de Tecnologia em Análise e Desenvolvimento de Sistemas;TO;Solteiro;Parda;Processo Seletivo/Ampla Concorrência (AC);47.45;AraguaínaTO;1702109;0;Brasileira;AraguaínaTO;1702109;Graduação;26.0;1;1.59;M;Matriculado;Matriculado;Privada;;;;Urbana;Não;Sim;Sim;Sim;Não;Sim;Não;Não;Não;Sim;Sim;;;19;1096;2192;;Não;AC
45;2026;;2004.0;22/02/2021;2021;;;;03/05/2025;28/08/1985;;;Curso Superior de Tecnologia em Análise e Desenvolvimento de Sistemas;TO;Viúvo;Branca;PS/Ampla Concorrência (Inativa);1.0;AraguaínaTO;1702109;0;Brasileira;ImperatrizMA;2105302;Graduação;1.57;1;;F;Cancelamento por Desligamento;Cancelamento por Desligamento;Pública;;;;Urbana;;;;;;;;;;;;;;40;1096;2192;;Não;AC
100;2026;;2012.0;25/01/2024;2024;;;;27/06/2025;23/09/1993;;;Curso Superior de Tecnologia em Análise e Desenvolvimento de Sistemas;TO;Casado;Parda;PS/Portador de Diploma;40.06;AraguaínaTO;1702109;0;Brasileira;XambioáTO;1722107;Graduação;15.0;1;0.32;M;Matriculado;Matriculado;Pública;;;;Urbana;Não;Sim;Sim;Sim;Não;Sim;Não;Não;Não;Sim;Sim;;;32;1096;2192;;Sim;Diploma
138;2026;;2012.0;22/02/2021;2021;;;;04/08/2025;07/03/1996;;;Curso Superior de Tecnologia em Análise e Desenvolvimento de Sistemas;TO;Solteiro;Parda;PS/Portador de Diploma;1.0;AraguaínaTO;1702109;0;Brasileira;Novo GamaDF;5215231;Graduação;41.19;1;;M;Cancelamento por Desligamento;Cancelamento por Desligamento;Pública;;;;Urbana;;;;;;;;;;;;;;29;1096;2192;;Sim;Diploma
48;2022;;2001.0;02/03/2017;2017;;;;06/05/2025;31/12/1984;;;Curso Superior de Tecnologia em Análise e Desenvolvimento de Sistemas;TO;Casado;Branca;SISU/Ampla concorrência;1.0;AraguaínaTO;1702109;0;Brasileira;AnápolisGO;5201108;Graduação;41.24;1;;M;Cancelamento por Desligamento;Período Fechado;Privada;;;;Urbana;;;;;;;;;;;;;;40;1096;2192;;Não;AC
49;2024;;2015.0;28/01/2019;2019;;;;07/05/2025;15/07/1989;;;Curso Superior de Tecnologia em Análise e Desenvolvimento de Sistemas;TO;Casado;Branca;SISU/Ampla concorrência;1.0;AraguaínaTO;1702109;0;Brasileira;São Mateus do MaranhãoMA;2111508;Graduação;30.14;1;;M;Cancelamento por Desligamento;Período Fechado;Pública;;;;Urbana;;;;;;;;;;;;;;36;1096;2192;;Não;AC
50;2022;;2011.0;02/03/2017;2017;;;;08/05/2025;09/01/1992;;;Curso Superior de Tecnologia em Análise e Desenvolvimento de Sistemas;TO;Solteiro;Parda;Processo Seletivo/Escola Pública, Preto, Pardo ou Indígena, baixa renda (R2);1.0;AraguaínaTO;1702109;0;Brasileira;RiachãoMA;2109502;Graduação;25.38;1;;M;Cancelamento por Desligamento;Período Fechado;Pública;;;;Urbana;;;;;;;;;;;;;;33;1096;2192;;Sim;R2
51;2024;;2016.0;28/01/2019;2019;;;;09/05/2025;28/06/1999;;;Curso Superior de Tecnologia em Análise e Desenvolvimento de Sistemas;TO;Solteiro;Parda;Processo Seletivo/Escola Pública, Preto, Pardo ou Indígena, baixa renda (R2);1.0;AraguaínaTO;1702109;0;Brasileira;AraguaínaTO;1702109;Graduação;26.95;1;;M;Cancelamento por Desligamento;Período Fechado;Pública;;;;Urbana;;;;;;;;;;;;;;26;1096;2192;;Sim;R2
52;2026;;2022.0;25/01/2024;2024;;;;10/05/2025;26/09/2005;;;Curso Superior de Tecnologia em Análise e Desenvolvimento de Sistemas;TO;Solteiro;Branca;Processo Seletivo/Ampla Concorrência (AC);97.0;AraguaínaTO;1702109;0;Brasileira;FlorianópolisSC;4205407;Graduação;46.0;1;4.43;M;Matriculado;Matriculado;Privada;;;;Urbana;Não;Sim;Sim;Sim;Não;Sim;Não;Não;Não;Sim;Sim;;;20;1096;2192;;Não;AC
53;2027;;2024.0;03/02/2025;2025;;;;11/05/2025;07/02/2007;;;Curso Superior de Tecnologia em Análise e Desenvolvimento de Sistemas;TO;Solteiro;Parda;Processo Seletivo/LI_EP: Candidatos que, independentemente da renda, tenham cursado integralmente o ensino médio em escolas públicas;77.1;AraguaínaTO;1702109;0;Brasileira;AraguaínaTO;1702109;Graduação;15.0;1;1.2;M;Matriculado;Matriculado;Pública;;;;Urbana;Não;Sim;Sim;Sim;Não;Sim;Não;Não;Não;Sim;Sim;;;18;1096;2192;;Sim;LI_EP
54;2027;;2024.0;03/02/2025;2025;;;;12/05/2025;25/08/2006;;;Curso Superior de Tecnologia em Análise e Desenvolvimento de Sistemas;TO;Solteiro;Parda;Processo Seletivo/Ampla Concorrência (AC);78.66;AraguaínaTO;1702109;0;Brasileira;AraguaínaTO;1702109;Graduação;15.0;1;0.86;M;Matriculado;Matriculado;Pública;;;;Urbana;Não;Sim;Sim;Sim;Não;Sim;Não;Não;Não;Sim;Sim;;;19;1096;2192;;Não;AC
286;2026;2024.0;2009.0;22/02/2021;2021;21/06/2024;09/10/2024;11/11/2024;30/12/2025;20/02/1989;21/06/2024;;Curso Superior de Tecnologia em Análise e Desenvolvimento de Sistemas;TO;Solteiro;Parda;PS/Portador de Diploma;88.31;AraguaínaTO;1702109;85;Brasileira;RiachãoMA;2109502;Graduação;100.0;1;;M;Formado;Período Fechado;Pública;;;;Urbana;Não;Não;Não;Não;Não;Não;;Não;Não;Não;Não;1325.0;1215.0;36;1096;2192;110.0;Sim;Diploma
56;2025;;2022.0;30/01/2023;2023;;;;14/05/2025;14/12/2004;;;Curso Superior de Tecnologia em Análise e Desenvolvimento de Sistemas;TO;Solteiro;Branca;Processo Seletivo/Ampla Concorrência (AC);90.99;AraguaínaTO;1702109;0;Brasileira;AraguaínaTO;1702109;Graduação;75.0;1;1.27;M;Matriculado;Matriculado;Pública;;;;Urbana;Não;Sim;Sim;Sim;Não;Sim;Não;Não;Não;Sim;Sim;;;20;1096;2192;;Não;AC
57;2027;;2023.0;03/02/2025;2025;;;;15/05/2025;18/09/2005;;;Curso Superior de Tecnologia em Análise e Desenvolvimento de Sistemas;TO;Solteiro;Parda;Processo Seletivo/LI_EP: Candidatos que, independentemente da renda, tenham cursado integralmente o ensino médio em escolas públicas;75.14;AraguaínaTO;1702109;0;Brasileira;Alto Alegre do PindaréMA;2100477;Graduação;15.0;1;1.5;M;Matriculado;Matriculado;Pública;;;;Urbana;Não;Sim;Sim;Sim;Não;Sim;Não;Não;Não;Sim;Sim;;;20;1096;2192;;Sim;LI_EP
58;2026;;2022.0;25/01/2024;2024;;;;16/05/2025;30/05/2005;;;Curso Superior de Tecnologia em Análise e Desenvolvimento de Sistemas;TO;Solteiro;Branca;Processo Seletivo/Ampla Concorrência (AC);0.0;AraguaínaTO;1702109;0;Brasileira;Astolfo DutraMG;3104601;Graduação;0.0;1;1.24;M;Matriculado;Matriculado;Pública;;;;Urbana;Não;Sim;Sim;Sim;Não;Sim;Não;Não;Não;Sim;Sim;;;20;1096;2192;;Não;AC
255;2025;2023.0;2020.0;03/02/2020;2020;20/12/2022;02/10/2023;26/06/2024;29/11/2025;29/11/2002;;;Curso Superior de Tecnologia em Análise e Desenvolvimento de Sistemas;TO;Solteiro;Branca;SISU/Ampla concorrência;87.69;AraguaínaTO;1702109;0;Brasileira;AçailândiaMA;2100055;Graduação;100.0;1;;M;Formado;Matrícula Vínculo Institucional;Pública;;;;Urbana;Não;Não;Não;Não;Não;Não;;Não;Não;Não;Não;1337.0;1051.0;22;1096;2192;286.0;Não;AC
60;2026;;2019.0;22/02/2021;2021;;;;18/05/2025;29/08/2002;;;Curso Superior de Tecnologia em Análise e Desenvolvimento de Sistemas;TO;Solteiro;Parda;PS/Ampla Concorrência (Inativa);1.0;AraguaínaTO;1702109;0;Brasileira;NazaréTO;1714302;Graduação;0.0;1;;M;Cancelamento por Desligamento;Período Fechado;Pública;;;;Urbana;;;;;;;;;;;;;;23;1096;2192;;Não;AC
61;2026;;2022.0;25/01/2024;2024;;;;19/05/2025;01/07/2004;;;Curso Superior de Tecnologia em Análise e Desenvolvimento de Sistemas;TO;Solteiro;Parda;Processo Seletivo/Escola Pública, Preto, Pardo ou Indígena, baixa renda (R2);71.32;AraguaínaTO;1702109;0;Brasileira;Novo RepartimentoPA;1505064;Graduação;36.0;1;0.19;M;Matriculado;Matriculado;Pública;;;;Urbana;Não;Sim;Sim;Sim;Não;Sim;Não;Não;Não;Sim;Sim;;;21;1096;2192;;Sim;R2
62;2027;;2011.0;14/01/2022;2022;;;;20/05/2025;07/09/1990;;Baixa Visão;Curso Superior de Tecnologia em Análise e Desenvolvimento de Sistemas;TO;Solteiro;Parda;PS/Ampla Concorrência (Inativa);71.5;AraguaínaTO;1702109;0;Brasileira;AraguaínaTO;1702109;Graduação;58.0;1;0.24;F;Matriculado;Matriculado;Pública;;;;Urbana;Não;Sim;Sim;Sim;Não;Sim;Não;Não;Não;Sim;Sim;;;35;1096;2192;;Não;AC
63;2025;;2022.0;30/01/2023;2023;;;;21/05/2025;07/10/2004;;;Curso Superior de Tecnologia em Análise e Desenvolvimento de Sistemas;TO;Solteiro;Parda;Processo Seletivo/Escola pública, independente de renda (R8);91.23;Colinas do TocantinsTO;1705508;0;Brasileira;Itaporã do TocantinsTO;1711100;Graduação;76.0;1;1.42;M;Matriculado;Matriculado;Pública;Municipal;Ônibus;;Urbana;Não;Sim;Sim;Sim;Não;Sim;Não;Não;Não;Sim;Sim;;;21;1096;2192;;Sim;R8
64;2025;;2022.0;30/01/2023;2023;;;;22/05/2025;11/04/2005;;;Curso Superior de Tecnologia em Análise e Desenvolvimento de Sistemas;TO;Solteiro;Parda;Processo Seletivo/Escola Pública, Preto, Pardo ou Indígena, Independente de renda (R6);83.81;CarmolândiaTO;1703883;0;Brasileira;AraguaínaTO;1702109;Graduação;72.0;1;0.5;F;Matriculado;Matriculado;Pública;Municipal;Ônibus;;Urbana;Não;Sim;Sim;Sim;Não;Sim;Não;Não;Não;Sim;Sim;;;20;1096;2192;;Sim;R6
65;2027;;2021.0;14/01/2022;2022;;;;23/05/2025;28/10/2003;;;Curso Superior de Tecnologia em Análise e Desenvolvimento de Sistemas;TO;Solteiro;Parda;Processo Seletivo/Escola pública, baixa renda (R4);48.7;AraguaínaTO;1702109;0;Brasileira;BrasíliaDF;5300108;Graduação;36.0;1;0.0;F;Matriculado;Matriculado;Pública;;;;Urbana;Não;Sim;Sim;Sim;Não;Sim;Não;Não;Não;Sim;Sim;;;21;1096;2192;;Sim;R4
66;2020;;2014.0;30/01/2015;2015;;;;24/05/2025;24/01/1998;;;Curso Superior de Tecnologia em Análise e Desenvolvimento de Sistemas;TO;Solteiro;Amarela;PS/Ampla Concorrência (Inativa);1.0;AraguaínaTO;1702109;0;Brasileira;AraguaínaTO;1702109;Graduação;66.62;1;;F;Cancelamento por Desligamento;Período Fechado;Pública;;;;Urbana;;;;;;;;;;;;;;27;1096;2192;;Não;AC
292;2025;2022.0;2007.0;03/02/2020;2020;20/12/2022;16/03/2023;;05/01/2026;06/02/1989;;;Curso Superior de Tecnologia em Análise e Desenvolvimento de Sistemas;TO;Casado;Parda;PS/Ampla Concorrência (Inativa);89.48;AraguaínaTO;1702109;0;Brasileira;São GonçaloRJ;3304904;Graduação;100.0;1;;M;Formado;Período Fechado;Pública;;;;Urbana;Não;Não;Não;Não;Não;Não;;Não;Não;Não;Não;1137.0;1051.0;36;1096;2192;86.0;Não;AC
68;2024;;2008.0;28/01/2019;2019;;;;26/05/2025;04/10/1991;;;Curso Superior de Tecnologia em Análise e Desenvolvimento de Sistemas;TO;Solteiro;Branca;SISU/Ampla concorrência;72.53;AraguaínaTO;1702109;0;Brasileira;Palmeira dos ÍndiosAL;2706307;Graduação;74.67;1;1.43;M;Cancelamento por Desligamento;Cancelamento por Desligamento;Pública;;;;Urbana;Não;Sim;Sim;;Não;Sim;;Não;Não;Sim;Sim;;;34;1096;2192;;Não;AC
302;2025;2022.0;2013.0;03/02/2020;2020;20/12/2022;16/03/2023;;15/01/2026;06/04/1995;;;Curso Superior de Tecnologia em Análise e Desenvolvimento de Sistemas;TO;Solteiro;Branca;SISU/Ampla concorrência;88.39;AraguaínaTO;1702109;0;Brasileira;RecifePE;2611606;Graduação;100.0;1;2.95;M;Formado;Período Fechado;Privada;;;;Urbana;Não;Não;Não;Não;Não;Não;;Não;Não;Não;Não;1137.0;1051.0;30;1096;2192;86.0;Não;AC
70;2026;;2014.0;22/02/2021;2021;;;;28/05/2025;05/01/1998;;;Curso Superior de Tecnologia em Análise e Desenvolvimento de Sistemas;TO;Solteiro;Parda;PS/Ampla Concorrência (Inativa);1.0;AraguaínaTO;1702109;0;Brasileira;AraguaínaTO;1702109;Graduação;0.0;1;;M;Cancelamento por Desligamento;Período Fechado;Privada;;;;Urbana;;;;;;;;;;;;;;27;1096;2192;;Não;AC
71;2021;;1999.0;23/03/2016;2016;;;;29/05/2025;23/05/1982;;;Curso Superior de Tecnologia em Análise e Desenvolvimento de Sistemas;TO;Casado;Branca;PS/Ampla Concorrência (Inativa);1.0;AraguaínaTO;1702109;0;Brasileira;São PauloSP;3550308;Graduação;12.67;1;;M;Cancelamento por Desligamento;Período Fechado;Pública;;;;Urbana;;;;;;;;;;;;;;43;1096;2192;;Não;AC
72;2020;;2011.0;30/01/2015;2015;;;;30/05/2025;10/10/1994;;;Curso Superior de Tecnologia em Análise e Desenvolvimento de Sistemas;TO;Solteiro;Parda;PS/Ampla Concorrência (Inativa);1.0;Santa Fé do AraguaiaTO;1718865;0;Brasileira;Santa Fé do AraguaiaTO;1718865;Graduação;28.52;1;;F;Cancelamento por Desligamento;Período Fechado;Pública;;;;Urbana;;;;;;;;;;;;;;31;1096;2192;;Não;AC
73;2024;;2016.0;28/01/2019;2019;;;;31/05/2025;01/08/1997;;;Curso Superior de Tecnologia em Análise e Desenvolvimento de Sistemas;TO;Solteiro;Parda;Processo Seletivo/Escola Pública, Preto, Pardo ou Indígena, baixa renda (R2);1.0;AraguaínaTO;1702109;0;Brasileira;AraguaínaTO;1702109;Graduação;11.1;1;;M;Cancelamento por Desligamento;Período Fechado;Pública;;;;Urbana;;;;;;;;;;;;;;28;1096;2192;;Sim;R2
320;2025;2022.0;2016.0;03/02/2020;2020;20/12/2022;03/02/2023;;02/02/2026;24/07/2002;;;Curso Superior de Tecnologia em Análise e Desenvolvimento de Sistemas;TO;Solteiro;Parda;PS/Ampla Concorrência (Inativa);89.06;AraguaínaTO;1702109;0;Brasileira;ImperatrizMA;2105302;Graduação;100.0;1;;M;Formado;Período Fechado;Privada;;;;Urbana;Não;Não;Não;Não;Não;Não;;Não;Não;Não;Não;1096.0;1051.0;23;1096;2192;45.0;Não;AC
80;2024;;2015.0;28/01/2019;2019;;;;07/06/2025;16/07/2000;;;Curso Superior de Tecnologia em Análise e Desenvolvimento de Sistemas;TO;Solteiro;Branca;SISU/Escola pública, baixa renda;1.0;AraguaínaTO;1702109;0;Brasileira;AraguaínaTO;1702109;Graduação;63.48;1;;M;Cancelamento por Desligamento;Período Fechado;Pública;;;;Urbana;;;;;;;;;;;;;;25;1096;2192;;Sim;LB_EP
76;2024;;2013.0;28/01/2019;2019;;;;03/06/2025;16/10/1996;;;Curso Superior de Tecnologia em Análise e Desenvolvimento de Sistemas;TO;Solteiro;Parda;SISU/Ampla concorrência;1.0;AraguaínaTO;1702109;0;Brasileira;CarolinaMA;2102804;Graduação;0.0;1;;M;Cancelamento por Desligamento;Período Fechado;Pública;;;;Urbana;;;;;;;;;;;;;;28;1096;2192;;Não;AC
77;2027;;2024.0;03/02/2025;2025;;;;04/06/2025;24/09/2006;;;Curso Superior de Tecnologia em Análise e Desenvolvimento de Sistemas;TO;Solteiro;Parda;Processo Seletivo/Ampla Concorrência (AC);70.24;AraguaínaTO;1702109;0;Brasileira;ImperatrizMA;2105302;Graduação;15.0;1;0.77;M;Matriculado;Matriculado;Pública;;;;Urbana;Não;Sim;Sim;Sim;Não;Sim;Não;Não;Não;Sim;Sim;;;19;1096;2192;;Não;AC
78;2025;;2022.0;30/01/2023;2023;;;;05/06/2025;17/01/2005;;;Curso Superior de Tecnologia em Análise e Desenvolvimento de Sistemas;TO;Solteiro;Parda;Processo Seletivo/Ampla Concorrência (AC);0.0;AraguaínaTO;1702109;0;Brasileira;XambioáTO;1722107;Graduação;0.0;1;;F;Cancelado;Cancelada;Pública;;;;Urbana;;;;;;;;;;;;;;20;1096;2192;;Não;AC
79;2027;;2024.0;03/02/2025;2025;;;;06/06/2025;06/01/2007;;;Curso Superior de Tecnologia em Análise e Desenvolvimento de Sistemas;MA;Solteiro;Parda;Processo Seletivo/LI_EP: Candidatos que, independentemente da renda, tenham cursado integralmente o ensino médio em escolas públicas;0.0;ImperatrizMA;2105302;0;Brasileira;ImperatrizMA;2105302;Graduação;;1;0.59;M;Cancelado;Cancelada;Pública;;;;Rural;;;;;;;;;;;;;;18;1096;2192;;Sim;LI_EP
317;2025;2024.0;2019.0;03/02/2020;2020;21/12/2024;20/05/2025;03/06/2025;30/01/2026;20/03/2003;21/12/2024;;Curso Superior de Tecnologia em Análise e Desenvolvimento de Sistemas;TO;Solteiro;Parda;SISU/Escola pública, baixa renda;86.31;Santa Fé do AraguaiaTO;1718865;90;Brasileira;Zé DocaMA;2114007;Graduação;100.0;1;0.32;M;Formado;Período Fechado;Pública;;;;Urbana;Não;Não;Não;Não;Não;Não;Não;Não;Não;Não;Não;1933.0;1783.0;22;1096;2192;150.0;Sim;LB_EP
135;2027;2025.0;2021.0;14/01/2022;2022;16/12/2024;27/08/2025;02/10/2025;01/08/2025;11/04/2004;16/12/2024;;Curso Superior de Tecnologia em Análise e Desenvolvimento de Sistemas;TO;Solteiro;Parda;Processo Seletivo/Escola pública, baixa renda (R4);80.85;AraguaínaTO;1702109;78;Brasileira;AraguaínaTO;1702109;Graduação;100.0;1;0.55;M;Formado;Período Fechado;Pública;;;;Urbana;Não;Não;Não;Não;Não;Não;Não;Não;Não;Não;Não;1321.0;1067.0;21;1096;2192;254.0;Sim;R4
82;2026;;2018.0;22/02/2021;2021;;;;09/06/2025;14/08/1999;;;Curso Superior de Tecnologia em Análise e Desenvolvimento de Sistemas;TO;Solteiro;Parda;Processo Seletivo/Escola Pública, Preto, Pardo ou Indígena, baixa renda (R2);45.12;AraguaínaTO;1702109;0;Brasileira;ImperatrizMA;2105302;Graduação;35.0;1;0.28;M;Cancelamento por Desligamento;Cancelamento por Desligamento;Pública;;;;Urbana;Não;Sim;Sim;Sim;Não;Sim;Não;Não;Não;Sim;Sim;;;26;1096;2192;;Sim;R2
83;2022;;2013.0;02/03/2017;2017;;;;10/06/2025;07/07/1995;;;Curso Superior de Tecnologia em Análise e Desenvolvimento de Sistemas;TO;Solteiro;Parda;PS/Ampla Concorrência (Inativa);1.0;AraguaínaTO;1702109;0;Brasileira;CastanhalPA;1502400;Graduação;38.0;1;;F;Cancelamento por Desligamento;Período Fechado;Pública;;;;Rural;;;;;;;;;;;;;;30;1096;2192;;Não;AC
84;2026;;2019.0;22/02/2021;2021;;;;11/06/2025;16/11/2001;;;Curso Superior de Tecnologia em Análise e Desenvolvimento de Sistemas;TO;Solteiro;Parda;PS/Ampla Concorrência (Inativa);1.0;Barra do OuroTO;1703073;0;Brasileira;AraguaínaTO;1702109;Graduação;0.0;1;;F;Cancelamento por Desligamento;Período Fechado;Pública;;;;Rural;;;;;;;;;;;;;;23;1096;2192;;Não;AC
85;2020;;2008.0;30/01/2015;2015;;;;12/06/2025;04/05/1988;;;Curso Superior de Tecnologia em Análise e Desenvolvimento de Sistemas;TO;Casado;Parda;Processo Seletivo/Escola Pública, Preto, Pardo ou Indígena, baixa renda (R2);1.0;AraguaínaTO;1702109;0;Brasileira;AraguaínaTO;1702109;Graduação;19.05;1;;F;Cancelamento por Desligamento;Período Fechado;Pública;;;;Urbana;;;;;;;;;;;;;;37;1096;2192;;Sim;R2
86;2027;;2018.0;14/01/2022;2022;;;;13/06/2025;30/04/2003;;;Curso Superior de Tecnologia em Análise e Desenvolvimento de Sistemas;TO;Solteiro;Parda;Processo Seletivo/Escola Pública, Preto, Pardo ou Indígena, baixa renda (R2);42.13;AraguaínaTO;1702109;0;Brasileira;AraguaínaTO;1702109;Graduação;26.0;1;0.76;M;Cancelamento Compulsório;Cancelamento Compulsório;Pública;;;;Urbana;Não;Sim;Sim;Não;Não;Sim;;Não;Não;Sim;Sim;;;22;1096;2192;;Sim;R2
408;2027;2024.0;2020.0;14/01/2022;2022;16/12/2024;27/08/2025;07/10/2025;01/05/2026;31/05/2003;16/12/2024;;Curso Superior de Tecnologia em Análise e Desenvolvimento de Sistemas;TO;Solteiro;Branca;PS/Ampla Concorrência (Inativa);84.97;AraguaínaTO;1702109;93,16;Brasileira;ImperatrizMA;2105302;Graduação;100.0;1;0.35;M;Formado;Período Fechado;Pública;;;;Urbana;Não;Não;Não;Não;Não;Não;Não;Não;Não;Não;Não;1321.0;1067.0;22;1096;2192;254.0;Não;AC
88;2024;;2017.0;28/01/2019;2019;;;;15/06/2025;22/07/1999;;;Curso Superior de Tecnologia em Análise e Desenvolvimento de Sistemas;TO;Solteiro;Branca;Processo Seletivo/Escola pública, baixa renda (R4);1.0;AraguaínaTO;1702109;0;Brasileira;AraguaínaTO;1702109;Graduação;0.0;1;;M;Cancelamento por Desligamento;Período Fechado;Pública;;;;Urbana;;;;;;;;;;;;;;26;1096;2192;;Sim;R4
89;2026;;2018.0;25/01/2024;2024;;;;16/06/2025;26/07/2001;;;Curso Superior de Tecnologia em Análise e Desenvolvimento de Sistemas;TO;Solteiro;Parda;Processo Seletivo/Escola Pública, Preto, Pardo ou Indígena, baixa renda (R2);34.76;AraguaínaTO;1702109;0;Brasileira;AraguaínaTO;1702109;Graduação;7.0;1;0.23;M;Cancelamento por Desligamento;Cancelamento por Desligamento;Pública;Estadual;Ônibus;;Urbana;Não;Sim;Sim;Sim;Não;Sim;Não;Não;Não;Sim;Sim;;;24;1096;2192;;Sim;R2
90;2023;;2014.0;01/02/2018;2018;;;;17/06/2025;10/08/1997;;;Curso Superior de Tecnologia em Análise e Desenvolvimento de Sistemas;TO;Solteiro;Branca;PS/Ampla Concorrência (Inativa);1.0;AraguaínaTO;1702109;0;Brasileira;AraguaínaTO;1702109;Graduação;0.0;1;;M;Cancelamento por Desligamento;Período Fechado;Pública;;;;Urbana;;;;;;;;;;;;;;28;1096;2192;;Não;AC
14;2023;;2014.0;01/02/2018;2018;18/01/2021;11/03/2022;;02/04/2025;31/08/1999;;;Curso Superior de Tecnologia em Análise e Desenvolvimento de Sistemas;TO;Solteiro;Branca;PS/Ampla Concorrência (Inativa);1.0;AraguaínaTO;1702109;0;Brasileira;GuaraíTO;1709302;Graduação;100.0;1;;M;Concluído;Período Fechado;Privada;;;;Urbana;;;;;;;;;;;;1499.0;1082.0;26;1096;2192;417.0;Não;AC
92;2027;;2023.0;03/02/2025;2025;;;;19/06/2025;25/04/2006;;;Curso Superior de Tecnologia em Análise e Desenvolvimento de Sistemas;TO;Solteiro;Branca;Processo Seletivo/Ampla Concorrência (AC);70.86;CarmolândiaTO;1703883;0;Brasileira;AraguaínaTO;1702109;Graduação;15.0;1;1.24;M;Matriculado;Matriculado;Pública;Municipal;Ônibus;;Urbana;Não;Sim;Sim;Sim;Não;Sim;Não;Não;Não;Sim;Sim;;;19;1096;2192;;Não;AC
226;2028;;2018.0;03/02/2025;2025;;;;31/10/2025;10/02/1994;;;Curso Superior de Tecnologia em Análise e Desenvolvimento de Sistemas;TO;Solteiro;Preta;PS/Portador de Diploma;0.0;AraguaínaTO;1702109;0;Brasileira;AraguaínaTO;1702109;Graduação;0.0;2;;M;Matriculado;Matriculado;Pública;;;;Urbana;Não;Sim;Sim;Sim;Não;Sim;Não;Não;Não;Sim;Sim;;;31;1096;2192;;Sim;Diploma
94;2022;;2000.0;02/03/2017;2017;;;;21/06/2025;25/07/1977;;;Curso Superior de Tecnologia em Análise e Desenvolvimento de Sistemas;TO;Casado;Parda;PS/Ampla Concorrência (Inativa);1.0;AraguaínaTO;1702109;0;Brasileira;AraguaínaTO;1702109;Graduação;12.67;1;;M;Cancelamento por Desligamento;Período Fechado;Privada;;;;Urbana;;;;;;;;;;;;;;48;1096;2192;;Não;AC
25;2023;;2017.0;01/02/2018;2018;18/01/2021;01/09/2022;;13/04/2025;10/07/2000;;;Curso Superior de Tecnologia em Análise e Desenvolvimento de Sistemas;TO;Solteiro;Parda;PS/Ampla Concorrência (Inativa);1.0;AraguaínaTO;1702109;0;Brasileira;AraguaínaTO;1702109;Graduação;100.0;1;;F;Concluído;Período Fechado;Pública;;;;Urbana;;;;;;;;;;;;1673.0;1082.0;25;1096;2192;591.0;Não;AC
96;2023;;2017.0;01/02/2018;2018;;;;23/06/2025;05/07/2000;;;Curso Superior de Tecnologia em Análise e Desenvolvimento de Sistemas;TO;Solteiro;Parda;PS/Ampla Concorrência (Inativa);1.0;AraguaínaTO;1702109;0;Brasileira;AraguaínaTO;1702109;Graduação;52.43;1;;M;Cancelamento por Desligamento;Período Fechado;Pública;;;;Urbana;;;;;;;;;;;;;;25;1096;2192;;Não;AC
97;2026;;2018.0;22/02/2021;2021;;;;24/06/2025;25/02/2001;;;Curso Superior de Tecnologia em Análise e Desenvolvimento de Sistemas;TO;Solteiro;Preta;PS/Ampla Concorrência (Inativa);1.0;AraguaínaTO;1702109;0;Brasileira;AraguaínaTO;1702109;Graduação;15.86;1;;M;Cancelamento por Desligamento;Período Fechado;Pública;;;;Urbana;;;;;;;;;;;;;;24;1096;2192;;Não;AC
98;2020;;2008.0;30/01/2015;2015;;;;25/06/2025;17/11/1991;;;Curso Superior de Tecnologia em Análise e Desenvolvimento de Sistemas;TO;Casado;Preta;PS/Ampla Concorrência (Inativa);1.0;AraguaínaTO;1702109;0;Brasileira;AraguaínaTO;1702109;Graduação;15.86;1;;F;Cancelamento por Desligamento;Período Fechado;Pública;;;;Urbana;;;;;;;;;;;;;;33;1096;2192;;Não;AC
99;2020;;2013.0;30/01/2015;2015;;;;26/06/2025;26/09/1996;;;Curso Superior de Tecnologia em Análise e Desenvolvimento de Sistemas;TO;Solteiro;Preta;PS/Ampla Concorrência (Inativa);1.0;AraguaínaTO;1702109;0;Brasileira;AraguaínaTO;1702109;Graduação;0.0;1;;F;Cancelamento por Desligamento;Período Fechado;Pública;;;;Urbana;;;;;;;;;;;;;;29;1096;2192;;Não;AC
230;2027;;2006.0;14/01/2022;2022;;;;04/11/2025;15/10/1988;;;Curso Superior de Tecnologia em Análise e Desenvolvimento de Sistemas;TO;Casado;Parda;PS/Portador de Diploma;77.95;AraguaínaTO;1702109;0;Brasileira;São Bernardo do CampoSP;3548708;Graduação;25.0;1;5.68;M;Cancelamento Compulsório;Cancelamento Compulsório;Pública;;;;Urbana;Não;Sim;Sim;Não;Não;Sim;;Não;Não;Sim;Sim;;;36;1096;2192;;Sim;Diploma
280;2025;;2021.0;30/01/2023;2023;;;;24/12/2025;17/09/1996;;;Curso Superior de Tecnologia em Análise e Desenvolvimento de Sistemas;TO;Solteiro;Branca;PS/Portador de Diploma;85.04;AraguaínaTO;1702109;0;Brasileira;TocantinópolisTO;1721208;Graduação;64.0;1;1.89;M;Matriculado;Matriculado;Privada;;;;Urbana;Não;Sim;Sim;Sim;Não;Sim;Não;Não;Não;Sim;Sim;;;29;1096;2192;;Sim;Diploma
102;2025;;2014.0;03/02/2020;2020;;;;29/06/2025;13/04/1994;;;Curso Superior de Tecnologia em Análise e Desenvolvimento de Sistemas;TO;Solteiro;Parda;Processo Seletivo/Escola Pública, Preto, Pardo ou Indígena, baixa renda (R2);1.0;AraguaínaTO;1702109;0;Brasileira;ItaitubaPA;1503606;Graduação;1.57;1;;M;Cancelamento por Desligamento;Período Fechado;Pública;;;;Urbana;;;;;;;;;;;;;;31;1096;2192;;Sim;R2
59;2023;;2014.0;01/02/2018;2018;18/01/2021;25/03/2021;;17/05/2025;02/01/2001;;;Curso Superior de Tecnologia em Análise e Desenvolvimento de Sistemas;TO;Solteiro;Parda;PS/Ampla Concorrência (Inativa);1.0;AraguaínaTO;1702109;0;Brasileira;AraguaínaTO;1702109;Graduação;100.0;1;;M;Concluído;Período Fechado;Pública;;;;Urbana;;;;;;;;;;;;1148.0;1082.0;24;1096;2192;66.0;Não;AC
104;2020;;2008.0;30/01/2015;2015;;;;01/07/2025;10/11/1988;;;Curso Superior de Tecnologia em Análise e Desenvolvimento de Sistemas;TO;Solteiro;Parda;PS/Ampla Concorrência (Inativa);1.0;AraguaínaTO;1702109;0;Brasileira;AraguaínaTO;1702109;Graduação;17.43;1;;M;Cancelamento por Desligamento;Período Fechado;Pública;;;;Urbana;;;;;;;;;;;;;;36;1096;2192;;Não;AC
105;2025;;2018.0;03/02/2020;2020;;;;02/07/2025;29/08/1999;;;Curso Superior de Tecnologia em Análise e Desenvolvimento de Sistemas;TO;Solteiro;Parda;SISU/Ampla concorrência;34.48;AraguaínaTO;1702109;0;Brasileira;AraguaínaTO;1702109;Graduação;20.0;1;0.35;M;Cancelamento Compulsório;Cancelamento Compulsório;Pública;Municipal;Bicicleta;;Urbana;Não;Sim;Sim;Não;Não;Sim;;Não;Não;Sim;Sim;;;26;1096;2192;;Não;AC
106;2020;;2005.0;30/01/2015;2015;;;;03/07/2025;02/07/1989;;;Curso Superior de Tecnologia em Análise e Desenvolvimento de Sistemas;TO;Solteiro;Não declarado;PS/Ampla Concorrência (Inativa);1.0;AraguaínaTO;1702109;0;Brasileira;CarolinaMA;2102804;Graduação;33.29;1;;F;Cancelamento por Desligamento;Período Fechado;Pública;;;;Urbana;;;;;;;;;;;;;;36;1096;2192;;Não;AC
107;2023;;2008.0;01/02/2018;2018;;;;04/07/2025;09/06/1991;;;Curso Superior de Tecnologia em Análise e Desenvolvimento de Sistemas;TO;Casado;Preta;SISU/Ampla concorrência;1.0;AraguaínaTO;1702109;0;Brasileira;AraguaínaTO;1702109;Graduação;0.0;1;;M;Cancelamento por Desligamento;Período Fechado;Pública;;;;Urbana;;;;;;;;;;;;;;34;1096;2192;;Não;AC
108;2023;;1991.0;01/02/2018;2018;;;;05/07/2025;09/07/1972;;;Curso Superior de Tecnologia em Análise e Desenvolvimento de Sistemas;TO;Casado;Parda;Processo Seletivo/Escola Pública, Preto, Pardo ou Indígena, Independente de renda (R6);1.0;AraguaínaTO;1702109;0;Brasileira;AraguaínaTO;1702109;Graduação;0.0;1;;M;Cancelamento por Desligamento;Período Fechado;Pública;;;;Urbana;;;;;;;;;;;;;;53;1096;2192;;Sim;R6
415;2024;;2014.0;28/01/2019;2019;;;;08/05/2026;21/04/1994;;;Curso Superior de Tecnologia em Análise e Desenvolvimento de Sistemas;TO;Casado;Parda;SISU/Escola pública, baixa renda;1.0;AraguaínaTO;1702109;0;Brasileira;ImperatrizMA;2105302;Graduação;28.57;1;;M;Cancelamento por Desligamento;Período Fechado;Pública;;;;Urbana;;;;;;;;;;;;;;31;1096;2192;;Sim;LB_EP
110;2023;;2017.0;01/02/2018;2018;;;;07/07/2025;23/08/2000;;;Curso Superior de Tecnologia em Análise e Desenvolvimento de Sistemas;TO;Solteiro;Parda;Processo Seletivo/Escola Pública, Preto, Pardo ou Indígena, baixa renda (R2);1.0;AraguaínaTO;1702109;0;Brasileira;AraguaínaTO;1702109;Graduação;42.86;1;;M;Cancelamento por Desligamento;Período Fechado;Pública;;;;Urbana;;;;;;;;;;;;;;25;1096;2192;;Sim;R2
111;2025;;;30/01/2023;2023;;;;08/07/2025;22/11/2003;;;Curso Superior de Tecnologia em Análise e Desenvolvimento de Sistemas;TO;Solteiro;Branca;Processo Seletivo/Ampla Concorrência (AC);89.43;AraguaínaTO;1702109;0;Brasileira;Nova LimaMG;3144805;Graduação;76.0;1;1.75;M;Matriculado;Matriculado;Pública;;;;Urbana;Não;Sim;Sim;Sim;Não;Sim;Não;Não;Não;Sim;Sim;;;21;1096;2192;;Não;AC
112;2025;;;30/01/2023;2023;;;;09/07/2025;09/05/2005;;;Curso Superior de Tecnologia em Análise e Desenvolvimento de Sistemas;TO;Solteiro;Parda;Processo Seletivo/Ampla Concorrência (AC);83.45;Colinas do TocantinsTO;1705508;0;Brasileira;AraguaínaTO;1702109;Graduação;15.86;1;;M;Cancelamento por Desligamento;Cancelamento por Desligamento;Pública;;;;Urbana;Não;Sim;Sim;;Não;Sim;;Não;Não;Sim;Sim;;;20;1096;2192;;Não;AC
301;2023;;2017.0;01/02/2018;2018;;;;14/01/2026;19/10/2000;;;Curso Superior de Tecnologia em Análise e Desenvolvimento de Sistemas;TO;Solteiro;Parda;SISU/Escola pública, independente de renda;1.0;AraguaínaTO;1702109;0;Brasileira;MarabáPA;1504208;Graduação;19.05;1;;M;Cancelamento por Desligamento;Período Fechado;Pública;;;;Urbana;;;;;;;;;;;;;;24;1096;2192;;Sim;LI_EP
171;2023;;2014.0;01/02/2018;2018;18/01/2021;25/03/2021;;06/09/2025;28/10/2000;;;Curso Superior de Tecnologia em Análise e Desenvolvimento de Sistemas;TO;Solteiro;Parda;PS/Ampla Concorrência (Inativa);1.0;AraguaínaTO;1702109;0;Brasileira;AraguaínaTO;1702109;Graduação;100.0;1;;M;Concluído;Período Fechado;Privada;;;;Urbana;;;;;;;;;;;;1148.0;1082.0;24;1096;2192;66.0;Não;AC
115;2027;;2021.0;03/02/2025;2025;;;;12/07/2025;10/08/2003;;;Curso Superior de Tecnologia em Análise e Desenvolvimento de Sistemas;TO;Solteiro;Branca;Processo Seletivo/LI_EP: Candidatos que, independentemente da renda, tenham cursado integralmente o ensino médio em escolas públicas;37.6;Nova OlindaTO;1714880;0;Brasileira;AraguaínaTO;1702109;Graduação;6.0;1;0.0;F;Matriculado;Matriculado;Pública;Municipal;Ônibus;;Urbana;Não;Sim;Sim;Sim;Não;Sim;Não;Não;Não;Sim;Sim;;;22;1096;2192;;Sim;LI_EP
116;2022;;2016.0;02/03/2017;2017;;;;13/07/2025;25/08/1998;;;Curso Superior de Tecnologia em Análise e Desenvolvimento de Sistemas;PA;Solteiro;Amarela;PS/Ampla Concorrência (Inativa);1.0;MarabáPA;1504208;0;Brasileira;ItaguaíRJ;3302007;Graduação;47.57;1;;F;Cancelamento por Desligamento;Período Fechado;Privada;;;;Urbana;;;;;;;;;;;;;;27;1096;2192;;Não;AC
393;2023;;2017.0;01/02/2018;2018;18/01/2021;25/03/2021;;16/04/2026;31/12/2000;;;Curso Superior de Tecnologia em Análise e Desenvolvimento de Sistemas;TO;Solteiro;Parda;Processo Seletivo/Escola Pública, Preto, Pardo ou Indígena, baixa renda (R2);1.0;AraguaínaTO;1702109;0;Brasileira;AnanindeuaPA;1500800;Graduação;100.0;1;;M;Concluído;Período Fechado;Pública;;;;Urbana;;;;;;;;;;;;1148.0;1082.0;24;1096;2192;66.0;Sim;R2
118;2020;;2010.0;30/01/2015;2015;;;;15/07/2025;03/11/1992;;;Curso Superior de Tecnologia em Análise e Desenvolvimento de Sistemas;TO;Solteiro;Branca;PS/Ampla Concorrência (Inativa);1.0;AraguaínaTO;1702109;0;Brasileira;AraguaínaTO;1702109;Graduação;25.33;1;;F;Cancelamento por Desligamento;Período Fechado;Pública;;;;Urbana;;;;;;;;;;;;;;32;1096;2192;;Não;AC
311;2023;;2017.0;01/02/2018;2018;;;;24/01/2026;19/06/2000;;;Curso Superior de Tecnologia em Análise e Desenvolvimento de Sistemas;TO;Solteiro;Parda;SISU/Escola pública, independente de renda;1.0;AraguaínaTO;1702109;0;Brasileira;ItupirangaPA;1503705;Graduação;17.43;1;;M;Cancelamento por Desligamento;Período Fechado;Pública;;;;Urbana;;;;;;;;;;;;;;25;1096;2192;;Sim;LI_EP
120;2026;;2019.0;25/01/2024;2024;;;;17/07/2025;20/01/2003;;;Curso Superior de Tecnologia em Análise e Desenvolvimento de Sistemas;TO;Solteiro;Parda;Processo Seletivo/Ampla Concorrência (AC);45.08;AraguaínaTO;1702109;0;Brasileira;AraguaínaTO;1702109;Graduação;15.0;1;1.24;M;Cancelamento por Desligamento;Cancelamento por Desligamento;Pública;;;;Urbana;Não;Sim;Sim;Sim;Não;Sim;Não;Não;Não;Sim;Sim;;;22;1096;2192;;Não;AC
121;2026;;2020.0;22/02/2021;2021;;;;18/07/2025;26/11/2002;;;Curso Superior de Tecnologia em Análise e Desenvolvimento de Sistemas;TO;Solteiro;Branca;Processo Seletivo/Escola pública, baixa renda (R4);84.49;AraguaínaTO;1702109;0;Brasileira;TocantinópolisTO;1721208;Graduação;92.0;1;0.67;M;Cancelamento por Desligamento;Cancelamento por Desligamento;Pública;;;;Urbana;Não;Sim;Sim;Sim;Não;Sim;Não;Não;Não;Não;Não;;;22;1096;2192;;Sim;R4
378;2025;;2018.0;03/02/2020;2020;;;;01/04/2026;22/06/2000;;;Curso Superior de Tecnologia em Análise e Desenvolvimento de Sistemas;TO;Solteiro;Parda;SISU/Escola pública, independente de renda;1.0;AraguaínaTO;1702109;0;Brasileira;GoiatinsTO;1709005;Graduação;0.0;1;;F;Cancelamento por Desligamento;Período Fechado;Pública;;;;Urbana;;;;;;;;;;;;;;25;1096;2192;;Sim;LI_EP
123;2026;;2019.0;22/02/2021;2021;;;;20/07/2025;20/11/2001;;;Curso Superior de Tecnologia em Análise e Desenvolvimento de Sistemas;TO;Solteiro;Branca;PS/Ampla Concorrência (Inativa);82.05;AraguaínaTO;1702109;0;Brasileira;Palestina do ParáPA;1505494;Graduação;92.0;1;0.55;M;Matriculado;Em Aberto;Pública;;;;Urbana;Não;Sim;Sim;Sim;Não;Sim;Não;Não;Não;Não;Sim;;;23;1096;2192;;Não;AC
124;2021;;2015.0;23/03/2016;2016;;;;21/07/2025;24/01/1998;;;Curso Superior de Tecnologia em Análise e Desenvolvimento de Sistemas;TO;Solteiro;Parda;PS/Ampla Concorrência (Inativa);1.0;AraguaínaTO;1702109;0;Brasileira;BrasíliaDF;5300108;Graduação;53.95;1;;M;Cancelamento por Desligamento;Período Fechado;Pública;;;;Urbana;;;;;;;;;;;;;;27;1096;2192;;Não;AC
125;2022;;2016.0;02/03/2017;2017;;;;22/07/2025;19/02/1999;;;Curso Superior de Tecnologia em Análise e Desenvolvimento de Sistemas;TO;Solteiro;Parda;SISU/Ampla concorrência;1.0;AraguaínaTO;1702109;0;Brasileira;São Bernardo do CampoSP;3548708;Graduação;23.76;1;;M;Transferido Externo;Período Fechado;Pública;;;;Urbana;;;;;;;;;;;;;;26;1096;2192;;Não;AC
126;2026;;2022.0;25/01/2024;2024;;;;23/07/2025;11/03/2004;;Deficiência Intelectual;Curso Superior de Tecnologia em Análise e Desenvolvimento de Sistemas;TO;Solteiro;Branca;Processo Seletivo/Ampla Concorrência (AC);70.84;AraguaínaTO;1702109;0;Brasileira;AraguaínaTO;1702109;Graduação;24.0;1;0.94;M;Matriculado;Matriculado;Pública;;;Autismo;Urbana;Não;Sim;Sim;Sim;Não;Sim;Não;Não;Não;Sim;Sim;;;21;1096;2192;;Não;AC
127;2025;;2012.0;30/01/2023;2023;;;;24/07/2025;09/06/1996;;;Curso Superior de Tecnologia em Análise e Desenvolvimento de Sistemas;TO;Solteiro;Branca;Processo Seletivo/Ampla Concorrência (AC);76.27;AraguaínaTO;1702109;0;Brasileira;AraguaínaTO;1702109;Graduação;67.0;1;1.65;F;Matriculado;Matriculado;Pública;;;;Urbana;Não;Sim;Sim;Sim;Não;Sim;Não;Não;Não;Sim;Sim;;;29;1096;2192;;Não;AC
128;2026;;2019.0;25/01/2024;2024;;;;25/07/2025;17/07/2002;;;Curso Superior de Tecnologia em Análise e Desenvolvimento de Sistemas;TO;Solteiro;Parda;Processo Seletivo/Escola Pública, Preto, Pardo ou Indígena, baixa renda (R2);39.7;AraguaínaTO;1702109;0;Brasileira;AraguaínaTO;1702109;Graduação;12.0;1;0.46;M;Cancelamento por Desligamento;Cancelamento por Desligamento;Pública;;;;Urbana;Não;Sim;Sim;Sim;Não;Sim;Não;Não;Não;Sim;Sim;;;23;1096;2192;;Sim;R2
129;2022;;2008.0;02/03/2017;2017;;;;26/07/2025;19/08/1988;;;Curso Superior de Tecnologia em Análise e Desenvolvimento de Sistemas;TO;Solteiro;Preta;Processo Seletivo/Escola Pública, Preto, Pardo ou Indígena, Independente de renda (R6);1.0;AraguaínaTO;1702109;0;Brasileira;RedençãoPA;1506138;Graduação;7.9;1;;M;Cancelamento por Desligamento;Período Fechado;Pública;;;;Urbana;;;;;;;;;;;;;;37;1096;2192;;Sim;R6
109;2023;;2015.0;01/02/2018;2018;;;;06/07/2025;16/03/1993;;Deficiência Física;Curso Superior de Tecnologia em Análise e Desenvolvimento de Sistemas;TO;Casado;Parda;SISU/Escola pública, independente de renda, com deficiência;1.0;AraguaínaTO;1702109;0;Brasileira;AraguaínaTO;1702109;Graduação;0.0;1;;M;Cancelamento por Desligamento;Período Fechado;Pública;;;;Urbana;;;;;;;;;;;;;;32;1096;2192;;Sim;LI_PCD
451;2023;;2014.0;01/02/2018;2018;18/01/2021;25/03/2021;;13/06/2026;28/09/2000;;;Curso Superior de Tecnologia em Análise e Desenvolvimento de Sistemas;TO;Solteiro;Parda;SISU/Ampla concorrência;1.0;AraguaínaTO;1702109;0;Brasileira;AraguaínaTO;1702109;Graduação;100.0;1;;M;Concluído;Período Fechado;Privada;;;;Urbana;;;;;;;;;;;;1148.0;1082.0;25;1096;2192;66.0;Não;AC
132;2021;;1999.0;23/03/2016;2016;;;;29/07/2025;19/05/1982;;;Curso Superior de Tecnologia em Análise e Desenvolvimento de Sistemas;TO;Casado;Branca;PS/Ampla Concorrência (Inativa);1.0;AraguaínaTO;1702109;0;Brasileira;São PauloSP;3550308;Graduação;4.76;1;;M;Cancelamento por Desligamento;Período Fechado;Pública;;;;Urbana;;;;;;;;;;;;;;43;1096;2192;;Não;AC
133;2027;;2024.0;03/02/2025;2025;;;;30/07/2025;22/12/2006;;;Curso Superior de Tecnologia em Análise e Desenvolvimento de Sistemas;TO;Solteiro;Branca;Processo Seletivo/Ampla Concorrência (AC);71.45;AraguaínaTO;1702109;0;Brasileira;AnápolisGO;5201108;Graduação;15.0;1;;M;Matriculado;Matriculado;Pública;;;;Urbana;Não;Sim;Sim;Sim;Não;Sim;Não;Não;Não;Sim;Sim;;;18;1096;2192;;Não;AC
134;2027;;2021.0;14/01/2022;2022;;;;31/07/2025;03/04/2004;;;Curso Superior de Tecnologia em Análise e Desenvolvimento de Sistemas;TO;Solteiro;Parda;PS/Ampla Concorrência (Inativa);82.1;BabaçulândiaTO;1703008;0;Brasileira;AraguaínaTO;1702109;Graduação;92.0;1;0.47;F;Matriculado;Matriculado;Pública;;;;Urbana;Não;Sim;Sim;Sim;Não;Sim;Não;Não;Não;Não;Sim;;;21;1096;2192;;Não;AC
275;2021;;2013.0;23/03/2016;2016;21/06/2019;20/02/2020;;19/12/2025;31/10/1995;;;Curso Superior de Tecnologia em Análise e Desenvolvimento de Sistemas;TO;Solteiro;Preta;SISU/Ampla concorrência;1.0;AraguaínaTO;1702109;0;Brasileira;AraguaínaTO;1702109;Graduação;100.0;1;;M;Concluído;Período Fechado;Pública;;;;Urbana;;;;;;;;;;;;1429.0;1185.0;29;1096;2192;244.0;Não;AC
324;2021;;2003.0;23/03/2016;2016;21/06/2019;28/02/2020;;06/02/2026;17/06/1987;;;Curso Superior de Tecnologia em Análise e Desenvolvimento de Sistemas;TO;Casado;Branca;SISU/Ampla concorrência;1.0;AraguaínaTO;1702109;0;Brasileira;AcreúnaGO;5200134;Graduação;100.0;1;;M;Concluído;Período Fechado;Privada;;;;Urbana;;;;;;;;;;;;1437.0;1185.0;38;1096;2192;252.0;Não;AC
137;2026;;2015.0;22/02/2021;2021;;;;03/08/2025;11/05/1997;;;Curso Superior de Tecnologia em Análise e Desenvolvimento de Sistemas;TO;Solteiro;Parda;Processo Seletivo/Escola Pública, Preto, Pardo ou Indígena, baixa renda (R2);1.0;AraguaínaTO;1702109;0;Brasileira;AraguaínaTO;1702109;Graduação;12.67;1;;M;Cancelamento por Desligamento;Período Fechado;Pública;;;;Urbana;;;;;;;;;;;;;;28;1096;2192;;Sim;R2
290;2028;;2015.0;03/02/2025;2025;;;;03/01/2026;14/12/1993;;;Curso Superior de Tecnologia em Análise e Desenvolvimento de Sistemas;TO;Solteiro;Parda;PS/Portador de Diploma;60.0;AraguaínaTO;1702109;0;Brasileira;São Félix do XinguPA;1507300;Graduação;1.0;2;;F;Matriculado;Matriculado;Pública;;;;Urbana;Não;Sim;Sim;Sim;Não;Sim;Não;Não;Não;Sim;Sim;;;31;1096;2192;;Sim;Diploma
139;2020;;2015.0;30/01/2015;2015;;;;05/08/2025;11/05/1995;;;Curso Superior de Tecnologia em Análise e Desenvolvimento de Sistemas;TO;Solteiro;Parda;PS/Ampla Concorrência (Inativa);1.0;AraguaínaTO;1702109;0;Brasileira;AnanásTO;1701002;Graduação;0.0;1;;M;Cancelamento por Desligamento;Período Fechado;Pública;;;;Urbana;;;;;;;;;;;;;;30;1096;2192;;Não;AC
140;2021;;2008.0;23/03/2016;2016;;;;06/08/2025;11/10/1991;;;Curso Superior de Tecnologia em Análise e Desenvolvimento de Sistemas;TO;Casado;Parda;SISU/Ampla concorrência;1.0;AraguaínaTO;1702109;0;Brasileira;João LisboaMA;2105500;Graduação;47.57;1;;M;Cancelamento por Desligamento;Período Fechado;Pública;;;;Urbana;;;;;;;;;;;;;;34;1096;2192;;Não;AC
485;2021;;2013.0;23/03/2016;2016;21/06/2019;20/02/2020;;17/07/2026;29/01/1996;;;Curso Superior de Tecnologia em Análise e Desenvolvimento de Sistemas;TO;Solteiro;Branca;SISU/Ampla concorrência;1.0;AraguaínaTO;1702109;0;Brasileira;RecifePE;2611606;Graduação;100.0;1;;F;Concluído;Período Fechado;Privada;;;;Urbana;;;;;;;;;;;;1429.0;1185.0;29;1096;2192;244.0;Não;AC
142;2025;;2007.0;03/02/2020;2020;;;;08/08/2025;04/01/1990;;;Curso Superior de Tecnologia em Análise e Desenvolvimento de Sistemas;TO;Casado;Preta;Processo Seletivo/Escola Pública, Preto, Pardo ou Indígena, Independente de renda (R6);1.0;AraguaínaTO;1702109;0;Brasileira;ParauapebasPA;1505536;Graduação;30.1;1;;M;Cancelamento por Desligamento;Cancelamento por Desligamento;Pública;;;;Urbana;;;;;;;;;;;;;;35;1096;2192;;Sim;R6
143;2025;;2021.0;30/01/2023;2023;;;;09/08/2025;02/05/2003;;;Curso Superior de Tecnologia em Análise e Desenvolvimento de Sistemas;TO;Solteiro;Branca;Processo Seletivo/Ampla Concorrência (AC);67.93;AraguaínaTO;1702109;0;Brasileira;Barra do CordaMA;2101608;Graduação;12.67;1;0.93;F;Cancelamento Compulsório;Cancelamento Compulsório;Pública;;;;Urbana;Não;Sim;Sim;;Não;Sim;;Não;Não;Sim;Sim;;;22;1096;2192;;Não;AC
144;2025;;;30/01/2023;2023;;;;10/08/2025;27/09/1993;;;Curso Superior de Tecnologia em Análise e Desenvolvimento de Sistemas;TO;Solteiro;Preta;Processo Seletivo/Ampla Concorrência (AC);0.0;AraguaínaTO;1702109;0;Brasileira;AraguaínaTO;1702109;Graduação;0.0;1;;M;Cancelamento por Desligamento;Cancelamento por Desligamento;Pública;;;;Urbana;Não;Sim;Sim;;Não;Sim;;Não;Não;Sim;Sim;;;32;1096;2192;;Não;AC
145;2025;;2022.0;30/01/2023;2023;;;;11/08/2025;25/08/2005;;;Curso Superior de Tecnologia em Análise e Desenvolvimento de Sistemas;TO;Solteiro;Amarela;Processo Seletivo/Escola pública, independente de renda (R8);83.8;AraguaínaTO;1702109;0;Brasileira;AraguaínaTO;1702109;Graduação;73.0;1;1.17;M;Matriculado;Matriculado;Pública;;;;Urbana;Não;Sim;Sim;Sim;Não;Sim;Não;Não;Não;Sim;Sim;;;20;1096;2192;;Sim;R8
146;2023;;2014.0;01/02/2018;2018;;;;12/08/2025;11/05/1997;;;Curso Superior de Tecnologia em Análise e Desenvolvimento de Sistemas;PA;Solteiro;Branca;PS/Ampla Concorrência (Inativa);1.0;MarabáPA;1504208;0;Brasileira;AnanindeuaPA;1500800;Graduação;55.52;1;;M;Cancelamento por Desligamento;Período Fechado;Privada;;;;Urbana;;;;;;;;;;;;;;28;1096;2192;;Não;AC
147;2026;;2023.0;25/01/2024;2024;;;;13/08/2025;02/08/2005;;;Curso Superior de Tecnologia em Análise e Desenvolvimento de Sistemas;TO;Solteiro;Parda;Processo Seletivo/Ampla Concorrência (AC);67.59;AraguaínaTO;1702109;0;Brasileira;AraguaínaTO;1702109;Graduação;36.0;1;0.0;M;Matriculado;Matriculado;Pública;;;;Urbana;Não;Sim;Sim;Sim;Não;Sim;Não;Não;Não;Sim;Sim;;;20;1096;2192;;Não;AC
148;2027;;2016.0;14/01/2022;2022;;;;14/08/2025;20/04/1999;;;Curso Superior de Tecnologia em Análise e Desenvolvimento de Sistemas;TO;Solteiro;Parda;PS/Ampla Concorrência (Inativa);1.0;AraguaínaTO;1702109;0;Brasileira;AraguaínaTO;1702109;Graduação;0.0;1;;M;Cancelamento por Desligamento;Período Fechado;Pública;;;;Urbana;;;;;;;;;;;;;;26;1096;2192;;Não;AC
21;2026;2024.0;2008.0;22/02/2021;2021;21/06/2024;01/11/2024;11/11/2024;09/04/2025;22/04/1990;21/06/2024;;Curso Superior de Tecnologia em Análise e Desenvolvimento de Sistemas;TO;Solteiro;Parda;PS/Ampla Concorrência (Inativa);84.05;AraguaínaTO;1702109;85;Brasileira;AraguaínaTO;1702109;Graduação;100.0;1;0.53;M;Formado;Período Fechado;Pública;;;;Urbana;Não;Não;Não;Não;Não;Não;;Não;Não;Não;Não;1348.0;1215.0;35;1096;2192;133.0;Não;AC
150;2027;;2017.0;14/01/2022;2022;;;;16/08/2025;21/09/2002;;;Curso Superior de Tecnologia em Análise e Desenvolvimento de Sistemas;TO;Solteiro;Parda;Processo Seletivo/Escola pública, baixa renda (R4);87.9;AraguaínaTO;1702109;0;Brasileira;AraguaínaTO;1702109;Graduação;76.0;1;1.01;M;Matriculado;Matriculado;Pública;;;;Urbana;Não;Sim;Sim;Sim;Não;Sim;Não;Não;Não;Sim;Sim;;;23;1096;2192;;Sim;R4
151;2026;;2021.0;25/01/2024;2024;;;;17/08/2025;24/02/2003;;;Curso Superior de Tecnologia em Análise e Desenvolvimento de Sistemas;TO;Solteiro;Parda;Processo Seletivo/Ampla Concorrência (AC);88.45;AraguaínaTO;1702109;0;Brasileira;AraguaínaTO;1702109;Graduação;50.0;1;0.99;F;Matriculado;Matriculado;Pública;;;;Urbana;Não;Sim;Sim;Sim;Não;Sim;Não;Não;Não;Sim;Sim;;;22;1096;2192;;Não;AC
152;2026;;2008.0;22/02/2021;2021;;;;18/08/2025;27/03/1985;;;Curso Superior de Tecnologia em Análise e Desenvolvimento de Sistemas;TO;Casado;Preta;Processo Seletivo/Escola Pública, Preto, Pardo ou Indígena, baixa renda (R2);65.97;AraguaínaTO;1702109;0;Brasileira;JuazeiroBA;2918407;Graduação;25.38;1;;F;Cancelamento Compulsório;Cancelamento Compulsório;Pública;;;;Urbana;Não;Sim;Sim;;Não;Sim;;Não;Não;Sim;Sim;;;40;1096;2192;;Sim;R2
153;2026;;2011.0;22/02/2021;2021;;;;19/08/2025;22/08/1993;;;Curso Superior de Tecnologia em Análise e Desenvolvimento de Sistemas;TO;Solteiro;Branca;Processo Seletivo/Escola pública, baixa renda (R4);86.91;AraguaínaTO;1702109;0;Brasileira;Buriti do TocantinsTO;1703800;Graduação;96.0;1;0.61;M;Matriculado;Em Aberto;Pública;;;;Urbana;Não;Sim;Não;Sim;Não;Sim;Não;Não;Não;Não;Não;;;32;1096;2192;;Sim;R4
154;2020;;2012.0;30/01/2015;2015;;;;20/08/2025;24/09/1993;;;Curso Superior de Tecnologia em Análise e Desenvolvimento de Sistemas;TO;Solteiro;Branca;PS/Ampla Concorrência (Inativa);1.0;AraguaínaTO;1702109;0;Brasileira;AnápolisGO;5201108;Graduação;6.33;1;;M;Cancelamento por Desligamento;Período Fechado;Pública;;;;Urbana;;;;;;;;;;;;;;32;1096;2192;;Não;AC
155;2023;;2008.0;01/02/2018;2018;;;;21/08/2025;22/01/1987;;;Curso Superior de Tecnologia em Análise e Desenvolvimento de Sistemas;TO;União Estável;Parda;SISU/Ampla concorrência;1.0;AraguaínaTO;1702109;0;Brasileira;FortunaMA;2104206;Graduação;0.0;1;;M;Cancelamento por Desligamento;Período Fechado;Privada;;;;Urbana;;;;;;;;;;;;;;38;1096;2192;;Não;AC
156;2027;;2024.0;03/02/2025;2025;;;;22/08/2025;29/06/2007;;;Curso Superior de Tecnologia em Análise e Desenvolvimento de Sistemas;TO;Solteiro;Parda;Processo Seletivo/Ampla Concorrência (AC);74.84;AraguaínaTO;1702109;0;Brasileira;AraguaínaTO;1702109;Graduação;15.0;1;2.83;M;Matriculado;Matriculado;Privada;;;;Urbana;Não;Sim;Sim;Sim;Não;Sim;Não;Não;Não;Sim;Sim;;;18;1096;2192;;Não;AC
157;2026;;2017.0;25/01/2024;2024;;;;23/08/2025;23/03/2000;;;Curso Superior de Tecnologia em Análise e Desenvolvimento de Sistemas;TO;Solteiro;Branca;SISU/Ampla concorrência;48.64;AraguaínaTO;1702109;0;Brasileira;AraguaínaTO;1702109;Graduação;27.0;1;0.67;M;Matriculado;Em Aberto;Pública;;;;Urbana;Não;Sim;Sim;Sim;Não;Sim;Não;Não;Não;Sim;Sim;;;25;1096;2192;;Não;AC
158;2027;;2018.0;03/02/2025;2025;;;;24/08/2025;25/12/1997;;;Curso Superior de Tecnologia em Análise e Desenvolvimento de Sistemas;TO;Casado;Parda;Processo Seletivo/LI_EP: Candidatos que, independentemente da renda, tenham cursado integralmente o ensino médio em escolas públicas;71.34;AraguaínaTO;1702109;0;Brasileira;Água Azul do NortePA;1500347;Graduação;12.0;1;1.31;M;Matriculado;Matriculado;Pública;;;;Urbana;Não;Sim;Sim;Sim;Não;Sim;Não;Não;Não;Sim;Sim;;;27;1096;2192;;Sim;LI_EP
159;2026;;2023.0;25/01/2024;2024;;;;25/08/2025;10/10/2006;;;Curso Superior de Tecnologia em Análise e Desenvolvimento de Sistemas;TO;Solteiro;Parda;Processo Seletivo/Escola Pública, Preto, Pardo ou Indígena, Independente de renda (R6);83.71;AraguaínaTO;1702109;0;Brasileira;AraguaínaTO;1702109;Graduação;46.0;1;1.32;M;Matriculado;Matriculado;Pública;;;;Urbana;Não;Sim;Sim;Sim;Não;Sim;Não;Não;Não;Sim;Sim;;;19;1096;2192;;Sim;R6
160;2025;;2021.0;30/01/2023;2023;;;;26/08/2025;12/08/2003;;;Curso Superior de Tecnologia em Análise e Desenvolvimento de Sistemas;TO;Solteiro;Parda;Processo Seletivo/Escola Pública, Preto, Pardo ou Indígena, Independente de renda (R6);15.09;AraguaínaTO;1702109;0;Brasileira;AraguaínaTO;1702109;Graduação;0.0;1;;M;Cancelamento por Desligamento;Cancelamento por Desligamento;Pública;;;;Urbana;Não;Sim;Sim;;Não;Sim;;Não;Não;Sim;Sim;;;22;1096;2192;;Sim;R6
75;2026;2024.0;2011.0;22/02/2021;2021;21/06/2024;01/11/2024;13/12/2024;02/06/2025;29/09/1994;21/06/2024;;Curso Superior de Tecnologia em Análise e Desenvolvimento de Sistemas;TO;Solteiro;Parda;PS/Ampla Concorrência (Inativa);88.44;AraguaínaTO;1702109;87;Brasileira;XambioáTO;1722107;Graduação;100.0;1;0.0;F;Formado;Período Fechado;Pública;Municipal;Bicicleta;;Urbana;Não;Não;Não;Não;Não;Não;;Não;Não;Não;Não;1348.0;1215.0;31;1096;2192;133.0;Não;AC
162;2026;;2023.0;25/01/2024;2024;;;;28/08/2025;09/10/2006;;;Curso Superior de Tecnologia em Análise e Desenvolvimento de Sistemas;TO;Solteiro;Parda;Processo Seletivo/Escola Pública, Preto, Pardo ou Indígena, Independente de renda (R6);85.46;AraguaínaTO;1702109;0;Brasileira;AraguaínaTO;1702109;Graduação;46.0;1;1.77;M;Matriculado;Matriculado;Pública;;;;Urbana;Não;Sim;Sim;Sim;Não;Sim;Não;Não;Não;Sim;Sim;;;19;1096;2192;;Sim;R6
163;2026;;2021.0;25/01/2024;2024;;;;29/08/2025;03/06/2004;;;Curso Superior de Tecnologia em Análise e Desenvolvimento de Sistemas;TO;Solteiro;Branca;Processo Seletivo/Ampla Concorrência (AC);93.12;AraguaínaTO;1702109;0;Brasileira;AraguaínaTO;1702109;Graduação;46.0;1;1.0;M;Matriculado;Matriculado;Pública;;;;Urbana;Não;Sim;Sim;Sim;Não;Sim;Não;Não;Não;Sim;Sim;;;21;1096;2192;;Não;AC
164;2026;;2022.0;25/01/2024;2024;;;;30/08/2025;08/08/2004;;;Curso Superior de Tecnologia em Análise e Desenvolvimento de Sistemas;TO;Solteiro;Branca;Processo Seletivo/Ampla Concorrência (AC);49.79;AraguaínaTO;1702109;0;Brasileira;AraguaínaTO;1702109;Graduação;16.0;1;0.35;M;Trancado Voluntariamente;Em Aberto;Pública;;;;Urbana;Não;Sim;Sim;Sim;Não;Sim;Não;Não;Não;Sim;Sim;;;21;1096;2192;;Não;AC
165;2025;;2019.0;03/02/2020;2020;;;;31/08/2025;04/04/2002;;;Curso Superior de Tecnologia em Análise e Desenvolvimento de Sistemas;TO;Solteiro;Parda;Processo Seletivo/Escola Pública, Preto, Pardo ou Indígena, Independente de renda (R6);1.0;AraguaínaTO;1702109;0;Brasileira;AraguaínaTO;1702109;Graduação;15.86;1;;M;Cancelamento por Desligamento;Período Fechado;Pública;;;;Urbana;;;;;;;;;;;;;;23;1096;2192;;Sim;R6
166;2026;;2019.0;25/01/2024;2024;;;;01/09/2025;09/03/2003;;;Curso Superior de Tecnologia em Análise e Desenvolvimento de Sistemas;TO;Solteiro;Preta;Processo Seletivo/Escola Pública, Preto, Pardo ou Indígena, baixa renda (R2);31.45;AraguaínaTO;1702109;0;Brasileira;AraguaínaTO;1702109;Graduação;12.0;1;0.28;M;Matriculado;Em Aberto;Pública;;;;Urbana;Não;Sim;Sim;Sim;Não;Sim;Não;Não;Não;Sim;Sim;;;22;1096;2192;;Sim;R2
167;2020;;2002.0;30/01/2015;2015;;;;02/09/2025;10/04/1984;;;Curso Superior de Tecnologia em Análise e Desenvolvimento de Sistemas;TO;Solteiro;Parda;PS/Ampla Concorrência (Inativa);1.0;AraguaínaTO;1702109;0;Brasileira;AraguaínaTO;1702109;Graduação;4.71;1;;M;Cancelamento por Desligamento;Período Fechado;Pública;;;;Urbana;;;;;;;;;;;;;;41;1096;2192;;Não;AC
168;2020;;2010.0;30/01/2015;2015;;;;03/09/2025;11/11/1992;;;Curso Superior de Tecnologia em Análise e Desenvolvimento de Sistemas;TO;Solteiro;Parda;PS/Ampla Concorrência (Inativa);1.0;AlvoradaTO;1700707;0;Brasileira;UruaçuGO;5221601;Graduação;0.0;1;;M;Cancelamento por Desligamento;Período Fechado;Pública;;;;Urbana;;;;;;;;;;;;;;32;1096;2192;;Não;AC
169;2025;;1999.0;03/02/2020;2020;;;;04/09/2025;23/02/1972;;;Curso Superior de Tecnologia em Análise e Desenvolvimento de Sistemas;TO;Casado;Branca;PS/Ampla Concorrência (Inativa);1.0;AraguaínaTO;1702109;0;Brasileira;São Bento do UnaPE;2613008;Graduação;7.9;1;;F;Cancelamento por Desligamento;Período Fechado;Pública;;;;Urbana;;;;;;;;;;;;;;53;1096;2192;;Não;AC
170;2020;;2007.0;30/01/2015;2015;;;;05/09/2025;30/05/1990;;;Curso Superior de Tecnologia em Análise e Desenvolvimento de Sistemas;TO;Solteiro;Não declarado;PS/Ampla Concorrência (Inativa);1.0;AraguaínaTO;1702109;0;Brasileira;AraguaínaTO;1702109;Graduação;38.05;1;;M;Cancelamento por Desligamento;Período Fechado;Pública;;;;Urbana;;;;;;;;;;;;;;35;1096;2192;;Não;AC
308;2026;;2018.0;22/02/2021;2021;;;;21/01/2026;01/08/1995;;;Curso Superior de Tecnologia em Análise e Desenvolvimento de Sistemas;TO;Solteiro;Parda;PS/Portador de Diploma;1.0;AraguaínaTO;1702109;0;Brasileira;Colinas do TocantinsTO;1705508;Graduação;1.57;1;;M;Cancelamento por Desligamento;Período Fechado;Pública;;;;Urbana;;;;;;;;;;;;;;30;1096;2192;;Sim;Diploma
316;2026;2024.0;2020.0;22/02/2021;2021;21/06/2024;09/10/2024;21/10/2024;29/01/2026;02/05/2003;21/06/2024;;Curso Superior de Tecnologia em Análise e Desenvolvimento de Sistemas;TO;Solteiro;Parda;PS/Ampla Concorrência (Inativa);89.61;AraguaínaTO;1702109;87;Brasileira;XinguaraPA;1508407;Graduação;100.0;1;8.71;M;Formado;Período Fechado;Pública;;;;Urbana;Não;Não;Não;Não;Não;Não;;Não;Não;Não;Não;1325.0;1215.0;22;1096;2192;110.0;Não;AC
315;2022;;2016.0;02/03/2017;2017;17/12/2019;28/02/2020;;28/01/2026;28/12/1999;;;Curso Superior de Tecnologia em Análise e Desenvolvimento de Sistemas;PA;Solteiro;Parda;SISU/Escola Pública, Preto, Pardo ou Indígena, baixa renda;1.0;São Geraldo do AraguaiaPA;1507458;0;Brasileira;XambioáTO;1722107;Graduação;100.0;1;;M;Concluído;Período Fechado;Pública;;;;Urbana;;;;;;;;;;;;1093.0;1020.0;25;1096;2192;73.0;Sim;LB_PPI
192;2025;2022.0;2019.0;03/02/2020;2020;20/12/2022;16/03/2023;;27/09/2025;28/07/2002;;;Curso Superior de Tecnologia em Análise e Desenvolvimento de Sistemas;TO;Solteiro;Parda;SISU/Escola Pública, Preto, Pardo ou Indígena, baixa renda;90.89;AraguaínaTO;1702109;0;Brasileira;AraguaínaTO;1702109;Graduação;100.0;1;0.71;M;Formado;Período Fechado;Pública;;;;Urbana;Não;Não;Não;Não;Não;Não;;Não;Não;Não;Não;1137.0;1051.0;23;1096;2192;86.0;Sim;LB_PPI
420;2023;;2009.0;01/02/2018;2018;18/01/2021;11/03/2022;;13/05/2026;20/06/1991;;;Curso Superior de Tecnologia em Análise e Desenvolvimento de Sistemas;TO;Solteiro;Parda;SISU/Escola Pública, Preto, Pardo ou Indígena, baixa renda;1.0;AraguaínaTO;1702109;0;Brasileira;FiladélfiaTO;1707702;Graduação;100.0;1;;M;Concluído;Período Fechado;Pública;;;;Urbana;;;;;;;;;;;;1499.0;1082.0;34;1096;2192;417.0;Sim;LB_PPI
176;2024;;2015.0;28/01/2019;2019;;;;11/09/2025;28/07/1997;;Deficiência Física;Curso Superior de Tecnologia em Análise e Desenvolvimento de Sistemas;TO;Solteiro;Parda;Processo Seletivo/Escola Pública, Preto, Pardo ou Indígena, baixa renda (R2);72.7;AraguaínaTO;1702109;0;Brasileira;AraguaínaTO;1702109;Graduação;89.0;1;0.57;M;Cancelamento por Desligamento;Cancelamento por Desligamento;Pública;;;Dislexia;Urbana;Não;Sim;Sim;Sim;Não;Sim;Não;Não;Não;Sim;Sim;;;28;1096;2192;;Sim;R2
177;2026;;2022.0;25/01/2024;2024;;;;12/09/2025;17/09/2004;;;Curso Superior de Tecnologia em Análise e Desenvolvimento de Sistemas;TO;Solteiro;Parda;Processo Seletivo/Ampla Concorrência (AC);70.52;AraguaínaTO;1702109;0;Brasileira;AraguaínaTO;1702109;Graduação;36.0;1;1.18;M;Matriculado;Matriculado;Pública;;;;Urbana;Não;Sim;Sim;Sim;Não;Sim;Não;Não;Não;Sim;Sim;;;21;1096;2192;;Não;AC
178;2027;;2021.0;03/02/2025;2025;;;;13/09/2025;11/08/2002;;;Curso Superior de Tecnologia em Análise e Desenvolvimento de Sistemas;TO;Casado;Branca;Processo Seletivo/Ampla Concorrência (AC);74.39;AraguaínaTO;1702109;0;Brasileira;ImperatrizMA;2105302;Graduação;15.0;1;0.57;M;Matriculado;Matriculado;Pública;;;;Urbana;Não;Sim;Sim;Sim;Não;Sim;Não;Não;Não;Sim;Sim;;;23;1096;2192;;Não;AC
179;2024;;2015.0;28/01/2019;2019;;;;14/09/2025;18/03/2001;;;Curso Superior de Tecnologia em Análise e Desenvolvimento de Sistemas;TO;Solteiro;Parda;SISU/Ampla concorrência;1.0;AraguaínaTO;1702109;0;Brasileira;AraguaínaTO;1702109;Graduação;0.0;1;;M;Cancelamento por Desligamento;Período Fechado;Privada;;;;Urbana;;;;;;;;;;;;;;24;1096;2192;;Não;AC
180;2025;;2019.0;30/01/2023;2023;;;;15/09/2025;25/06/2002;;;Curso Superior de Tecnologia em Análise e Desenvolvimento de Sistemas;TO;Solteiro;Branca;Processo Seletivo/Ampla Concorrência (AC);58.56;AraguaínaTO;1702109;0;Brasileira;AraguaínaTO;1702109;Graduação;40.0;1;1.95;M;Matriculado;Matriculado;Privada;;;;Urbana;Não;Sim;Sim;Sim;Não;Sim;Não;Não;Não;Sim;Sim;;;23;1096;2192;;Não;AC
181;2024;;2018.0;28/01/2019;2019;;;;16/09/2025;31/10/2002;;;Curso Superior de Tecnologia em Análise e Desenvolvimento de Sistemas;PA;Divorciado;Parda;Processo Seletivo/Escola pública, baixa renda (R4);77.89;MarabáPA;1504208;0;Brasileira;AraguaínaTO;1702109;Graduação;92.0;1;1.2;M;Matrícula Vínculo Institucional;Em Aberto;Pública;;;;Urbana;Não;Sim;Sim;Sim;Não;Sim;Não;Não;Não;Não;Não;;;22;1096;2192;;Sim;R4
182;2022;;2010.0;02/03/2017;2017;;;;17/09/2025;26/10/1983;;;Curso Superior de Tecnologia em Análise e Desenvolvimento de Sistemas;TO;Solteiro;Parda;PS/Ampla Concorrência (Inativa);1.0;AraguaínaTO;1702109;0;Brasileira;Presidente DutraMA;2109106;Graduação;25.33;1;;M;Cancelamento por Desligamento;Período Fechado;Pública;;;;Urbana;;;;;;;;;;;;;;41;1096;2192;;Não;AC
183;2025;;2022.0;30/01/2023;2023;;;;18/09/2025;27/06/2005;;;Curso Superior de Tecnologia em Análise e Desenvolvimento de Sistemas;TO;Solteiro;Parda;Processo Seletivo/Ampla Concorrência (AC);87.39;FiladélfiaTO;1707702;0;Brasileira;CarolinaMA;2102804;Graduação;76.0;1;0.24;M;Matriculado;Matriculado;Pública;Municipal;Kombi Micro-ônibus;;Urbana;Não;Sim;Sim;Sim;Não;Sim;Não;Não;Não;Sim;Sim;;;20;1096;2192;;Não;AC
184;2023;;2009.0;01/02/2018;2018;;;;19/09/2025;18/05/1988;;Deficiência Física;Curso Superior de Tecnologia em Análise e Desenvolvimento de Sistemas;TO;Solteiro;Parda;Processo Seletivo/Escola pública, independente de renda, com deficiência (R7);1.0;AraguaínaTO;1702109;0;Brasileira;AraguaínaTO;1702109;Graduação;6.33;1;;M;Cancelamento por Desligamento;Período Fechado;Pública;;;;Urbana;;;;;;;;;;;;;;37;1096;2192;;Sim;R7
185;2027;;2024.0;03/02/2025;2025;;;;20/09/2025;16/07/2006;;;Curso Superior de Tecnologia em Análise e Desenvolvimento de Sistemas;TO;Solteiro;Parda;Processo Seletivo/Ampla Concorrência (AC);77.33;AraguaínaTO;1702109;0;Brasileira;AraguaínaTO;1702109;Graduação;15.0;1;0.42;M;Matriculado;Matriculado;Pública;;;;Urbana;Não;Sim;Sim;Sim;Não;Sim;Não;Não;Não;Sim;Sim;;;19;1096;2192;;Não;AC
186;2026;;2020.0;22/02/2021;2021;;;;21/09/2025;03/07/2003;;;Curso Superior de Tecnologia em Análise e Desenvolvimento de Sistemas;TO;Solteiro;Parda;PS/Ampla Concorrência (Inativa);1.0;Santa Terezinha do TocantinsTO;1720002;0;Brasileira;NazaréTO;1714302;Graduação;0.0;1;;F;Cancelamento por Desligamento;Período Fechado;Pública;;;;Urbana;;;;;;;;;;;;;;22;1096;2192;;Não;AC
130;2024;;2007.0;28/01/2019;2019;;;;27/07/2025;04/05/1989;;;Curso Superior de Tecnologia em Análise e Desenvolvimento de Sistemas;TO;Casado;Preta;SISU/Escola Pública, Preto, Pardo ou Indígena, baixa renda;1.0;AraguaínaTO;1702109;0;Brasileira;MarabáPA;1504208;Graduação;49.19;1;;M;Cancelamento por Desligamento;Período Fechado;Pública;;;;Urbana;;;;;;;;;;;;;;36;1096;2192;;Sim;LB_PPI
188;2026;;2022.0;25/01/2024;2024;;;;23/09/2025;05/08/2005;;;Curso Superior de Tecnologia em Análise e Desenvolvimento de Sistemas;TO;Solteiro;Preta;Processo Seletivo/Escola Pública, Preto, Pardo ou Indígena, Independente de renda (R6);95.17;AraguaínaTO;1702109;0;Brasileira;AraguaínaTO;1702109;Graduação;46.0;1;0.38;M;Matriculado;Matriculado;Pública;;;;Urbana;Não;Sim;Sim;Sim;Não;Sim;Não;Não;Não;Sim;Sim;;;20;1096;2192;;Sim;R6
189;2024;;2018.0;28/01/2019;2019;;;;24/09/2025;10/07/2000;;;Curso Superior de Tecnologia em Análise e Desenvolvimento de Sistemas;TO;Solteiro;Parda;Processo Seletivo/Escola pública, baixa renda (R4);1.0;AraguaínaTO;1702109;0;Brasileira;AraguaínaTO;1702109;Graduação;20.57;1;;M;Cancelamento por Desligamento;Período Fechado;Pública;;;;Urbana;;;;;;;;;;;;;;25;1096;2192;;Sim;R4
190;2025;;2022.0;30/01/2023;2023;;;;25/09/2025;07/06/2005;;;Curso Superior de Tecnologia em Análise e Desenvolvimento de Sistemas;TO;Solteiro;Parda;Processo Seletivo/Escola pública, independente de renda (R8);93.29;AraguaínaTO;1702109;0;Brasileira;AraguaínaTO;1702109;Graduação;76.0;1;5.9;M;Matriculado;Matriculado;Pública;;;;Urbana;Não;Sim;Sim;Sim;Não;Sim;Não;Não;Não;Sim;Sim;;;20;1096;2192;;Sim;R8
173;2024;;2018.0;28/01/2019;2019;;;;08/09/2025;17/03/2001;;;Curso Superior de Tecnologia em Análise e Desenvolvimento de Sistemas;TO;Solteiro;Parda;SISU/Escola Pública, Preto, Pardo ou Indígena, baixa renda;1.0;AraguaínaTO;1702109;0;Brasileira;AraguaínaTO;1702109;Graduação;0.0;1;;M;Cancelamento por Desligamento;Período Fechado;Pública;;;;Urbana;;;;;;;;;;;;;;24;1096;2192;;Sim;LB_PPI
332;2026;2024.0;2018.0;22/02/2021;2021;26/06/2024;01/11/2024;11/11/2024;14/02/2026;08/09/2001;26/06/2024;;Curso Superior de Tecnologia em Análise e Desenvolvimento de Sistemas;TO;Solteiro;Parda;PS/Ampla Concorrência (Inativa);88.57;AraguaínaTO;1702109;71;Brasileira;AraguaínaTO;1702109;Graduação;100.0;1;0.76;F;Formado;Período Fechado;Pública;;;;Urbana;Não;Não;Não;Não;Não;Não;;Não;Não;Não;Não;1348.0;1220.0;24;1096;2192;128.0;Não;AC
193;2022;;2014.0;02/03/2017;2017;;;;28/09/2025;17/10/1997;;;Curso Superior de Tecnologia em Análise e Desenvolvimento de Sistemas;TO;Solteiro;Parda;SISU/Ampla concorrência;1.0;AraguaínaTO;1702109;0;Brasileira;AraguaínaTO;1702109;Graduação;0.0;1;;M;Cancelamento por Desligamento;Período Fechado;Pública;;;;Urbana;;;;;;;;;;;;;;27;1096;2192;;Não;AC
452;2026;2024.0;2020.0;22/02/2021;2021;26/06/2024;01/11/2024;11/11/2024;14/06/2026;08/04/2002;26/06/2024;;Curso Superior de Tecnologia em Análise e Desenvolvimento de Sistemas;TO;Solteiro;Parda;Processo Seletivo/Escola pública, baixa renda (R4);89.27;AraguaínaTO;1702109;71;Brasileira;GoiâniaGO;5208707;Graduação;100.0;1;0.95;M;Formado;Período Fechado;Pública;;;;Urbana;Não;Não;Não;Não;Não;Não;;Não;Não;Não;Não;1348.0;1220.0;23;1096;2192;128.0;Sim;R4
195;2026;;2022.0;25/01/2024;2024;;;;30/09/2025;25/07/2004;;;Curso Superior de Tecnologia em Análise e Desenvolvimento de Sistemas;TO;Solteiro;Parda;Processo Seletivo/Escola Pública, Preto, Pardo ou Indígena, baixa renda (R2);81.84;AraguaínaTO;1702109;0;Brasileira;CarolinaMA;2102804;Graduação;43.0;1;0.36;M;Matriculado;Matriculado;Pública;;;;Urbana;Não;Sim;Sim;Sim;Não;Sim;Não;Não;Não;Sim;Sim;;;21;1096;2192;;Sim;R2
196;2027;;2024.0;03/02/2025;2025;;;;01/10/2025;16/10/2006;;;Curso Superior de Tecnologia em Análise e Desenvolvimento de Sistemas;TO;Solteiro;Branca;Processo Seletivo/Ampla Concorrência (AC);80.71;AraguaínaTO;1702109;0;Brasileira;AraguaínaTO;1702109;Graduação;15.0;1;0.85;M;Matriculado;Matriculado;Privada;;;;Urbana;Não;Sim;Sim;Sim;Não;Sim;Não;Não;Não;Sim;Sim;;;18;1096;2192;;Não;AC
197;2027;;2024.0;03/02/2025;2025;;;;02/10/2025;15/04/2006;;;Curso Superior de Tecnologia em Análise e Desenvolvimento de Sistemas;TO;Solteiro;Parda;Processo Seletivo/Ampla Concorrência (AC);69.55;AraguaínaTO;1702109;0;Brasileira;Conceição do AraguaiaPA;1502707;Graduação;15.0;1;0.89;M;Matriculado;Matriculado;Pública;;;;Urbana;Não;Sim;Sim;Sim;Não;Sim;Não;Não;Não;Sim;Sim;;;19;1096;2192;;Não;AC
198;2026;;2020.0;22/02/2021;2021;;;;03/10/2025;08/10/2001;;;Curso Superior de Tecnologia em Análise e Desenvolvimento de Sistemas;TO;Solteiro;Parda;Processo Seletivo/Escola Pública, Preto, Pardo ou Indígena, baixa renda (R2);1.0;AraguaínaTO;1702109;0;Brasileira;GoiâniaGO;5208707;Graduação;15.86;1;;M;Cancelamento por Desligamento;Período Fechado;Pública;;;;Urbana;;;;;;;;;;;;;;24;1096;2192;;Sim;R2
199;2026;;2022.0;25/01/2024;2024;;;;04/10/2025;02/08/2005;;;Curso Superior de Tecnologia em Análise e Desenvolvimento de Sistemas;TO;Solteiro;Parda;Processo Seletivo/Escola Pública, Preto, Pardo ou Indígena, Independente de renda (R6);64.44;Santa Fé do AraguaiaTO;1718865;0;Brasileira;AraguaínaTO;1702109;Graduação;36.0;1;2.59;M;Matriculado;Matriculado;Pública;Municipal;Ônibus;;Urbana;Não;Sim;Sim;Sim;Não;Sim;Não;Não;Não;Sim;Sim;;;20;1096;2192;;Sim;R6
200;2024;;2015.0;28/01/2019;2019;;;;05/10/2025;11/12/2001;;;Curso Superior de Tecnologia em Análise e Desenvolvimento de Sistemas;TO;Solteiro;Parda;PS/Ampla Concorrência (Inativa);1.0;AraguaínaTO;1702109;0;Brasileira;AraguaínaTO;1702109;Graduação;6.33;1;;M;Cancelamento por Desligamento;Período Fechado;Pública;;;;Urbana;;;;;;;;;;;;;;23;1096;2192;;Não;AC
201;2027;;2024.0;03/02/2025;2025;;;;06/10/2025;03/10/2006;;;Curso Superior de Tecnologia em Análise e Desenvolvimento de Sistemas;TO;Solteiro;Parda;Processo Seletivo/LI_EP: Candidatos que, independentemente da renda, tenham cursado integralmente o ensino médio em escolas públicas;73.44;AraguaínaTO;1702109;0;Brasileira;AraguaínaTO;1702109;Graduação;12.0;1;0.71;M;Matriculado;Matriculado;Pública;;;;Urbana;Não;Sim;Sim;Sim;Não;Sim;Não;Não;Não;Sim;Sim;;;19;1096;2192;;Sim;LI_EP
202;2025;;2021.0;30/01/2023;2023;;;;07/10/2025;09/10/2003;;;Curso Superior de Tecnologia em Análise e Desenvolvimento de Sistemas;TO;Solteiro;Parda;Processo Seletivo/Escola Pública, Preto, Pardo ou Indígena, baixa renda (R2);81.4;AraguaínaTO;1702109;0;Brasileira;Brejo Grande do AraguaiaPA;1501758;Graduação;31.0;1;1.22;F;Cancelamento Compulsório;Cancelamento Compulsório;Pública;;;;Urbana;Não;Sim;Sim;;Não;Sim;;Não;Não;Sim;Sim;;;22;1096;2192;;Sim;R2
175;2025;;2019.0;03/02/2020;2020;;;;10/09/2025;01/06/2001;;;Curso Superior de Tecnologia em Análise e Desenvolvimento de Sistemas;TO;Solteiro;Parda;SISU/Escola Pública, Preto, Pardo ou Indígena, baixa renda;1.0;AraguaínaTO;1702109;0;Brasileira;São Domingos do MaranhãoMA;2110708;Graduação;12.67;1;;M;Cancelamento por Desligamento;Período Fechado;Pública;;;;Rural;;;;;;;;;;;;;;24;1096;2192;;Sim;LB_PPI
204;2024;;2011.0;28/01/2019;2019;;;;09/10/2025;12/12/1994;;;Curso Superior de Tecnologia em Análise e Desenvolvimento de Sistemas;TO;Solteiro;Parda;PS/Ampla Concorrência (Inativa);1.0;AraguaínaTO;1702109;0;Brasileira;RedençãoPA;1506138;Graduação;22.19;1;;M;Cancelamento por Desligamento;Período Fechado;Pública;;;;Urbana;;;;;;;;;;;;;;30;1096;2192;;Não;AC
205;2027;;2016.0;14/01/2022;2022;;;;10/10/2025;01/02/1999;;;Curso Superior de Tecnologia em Análise e Desenvolvimento de Sistemas;TO;Solteiro;Parda;Processo Seletivo/Escola pública, baixa renda (R4);80.53;AraguaínaTO;1702109;0;Brasileira;TocantinópolisTO;1721208;Graduação;96.0;1;1.63;M;Matriculado;Matriculado;Pública;;;;Urbana;Não;Sim;Não;Sim;Não;Sim;Não;Não;Não;Não;Sim;;;26;1096;2192;;Sim;R4
206;2026;;2023.0;25/01/2024;2024;;;;11/10/2025;21/05/2006;;;Curso Superior de Tecnologia em Análise e Desenvolvimento de Sistemas;TO;Solteiro;Parda;Processo Seletivo/Ampla Concorrência (AC);89.45;AraguaínaTO;1702109;0;Brasileira;AraguaínaTO;1702109;Graduação;46.0;1;0.55;M;Matriculado;Matriculado;Pública;;;;Urbana;Não;Sim;Sim;Sim;Não;Sim;Não;Não;Não;Sim;Sim;;;19;1096;2192;;Não;AC
207;2026;;2014.0;25/01/2024;2024;;;;12/10/2025;20/01/1998;;;Curso Superior de Tecnologia em Análise e Desenvolvimento de Sistemas;TO;Solteiro;Parda;SISU/LB_PPI: Candidatos autodeclarados pretos, pardos ou indígenas, com renda familiar bruta per capita igual ou inferior a 1 salário mínimo e que tenham cursado integralmente o ensino médio em escolas públicas;83.02;WanderlândiaTO;1722081;0;Brasileira;WanderlândiaTO;1722081;Graduação;43.0;1;0.34;F;Matriculado;Matriculado;Pública;Municipal;Ônibus;;Urbana;Não;Sim;Sim;Sim;Não;Sim;Não;Não;Não;Sim;Sim;;;27;1096;2192;;Sim;LB_PPI
208;2027;;2022.0;03/02/2025;2025;;;;13/10/2025;04/06/2005;;;Curso Superior de Tecnologia em Análise e Desenvolvimento de Sistemas;TO;Solteiro;Branca;Processo Seletivo/Ampla Concorrência (AC);68.13;BabaçulândiaTO;1703008;0;Brasileira;AraguaínaTO;1702109;Graduação;12.0;1;0.35;M;Matriculado;Matriculado;Pública;Municipal;Vans/WV;;Rural;Não;Sim;Sim;Sim;Não;Sim;Não;Não;Não;Sim;Sim;;;20;1096;2192;;Não;AC
69;2024;2023.0;2001.0;28/01/2019;2019;29/06/2022;02/05/2024;10/09/2024;27/05/2025;11/08/1982;;;Curso Superior de Tecnologia em Análise e Desenvolvimento de Sistemas;TO;Casado;Parda;Processo Seletivo/Escola Pública, Preto, Pardo ou Indígena, baixa renda (R2);82.19;AraguaínaTO;1702109;0;Brasileira;Nova RosalândiaTO;1715002;Graduação;100.0;1;0.5;M;Formado;Matrícula Vínculo Institucional;Pública;;;;Urbana;Não;Não;Não;Não;Não;Não;;Não;Não;Não;Não;1921.0;1248.0;43;1096;2192;673.0;Sim;R2
210;2027;;2004.0;14/01/2022;2022;;;;15/10/2025;14/07/1986;;;Curso Superior de Tecnologia em Análise e Desenvolvimento de Sistemas;MA;Casado;Parda;PS/Ampla Concorrência (Inativa);1.0;Campestre do MaranhãoMA;2102556;0;Brasileira;Barra do CordaMA;2101608;Graduação;0.0;1;;M;Cancelamento por Desligamento;Cancelamento por Desligamento;Pública;;;;Urbana;;;;;;;;;;;;;;39;1096;2192;;Não;AC
277;2024;;2000.0;28/01/2019;2019;29/06/2022;01/09/2022;;21/12/2025;18/12/1981;;;Curso Superior de Tecnologia em Análise e Desenvolvimento de Sistemas;TO;Casado;Branca;SISU/Ampla concorrência;1.0;AraguaínaTO;1702109;0;Brasileira;IrituiaPA;1503507;Graduação;100.0;1;;M;Concluído;Período Fechado;Pública;;;;Urbana;;;;;;;;;;;;1312.0;1248.0;43;1096;2192;64.0;Não;AC
365;2026;;2017.0;22/02/2021;2021;;;;19/03/2026;27/06/1990;;;Curso Superior de Tecnologia em Análise e Desenvolvimento de Sistemas;TO;Solteiro;Não declarado;PS/Portador de Diploma;1.0;AraguaínaTO;1702109;0;Brasileira;São Geraldo do AraguaiaPA;1507458;Graduação;30.1;1;;M;Cancelamento Compulsório;Cancelamento Compulsório;Pública;;;;Urbana;;;;;;;;;;;;;;35;1096;2192;;Sim;Diploma
213;2027;;2003.0;14/01/2022;2022;;;;18/10/2025;09/11/1982;;;Curso Superior de Tecnologia em Análise e Desenvolvimento de Sistemas;TO;Casado;Parda;Processo Seletivo/Escola pública, baixa renda (R4);81.0;AraguaínaTO;1702109;0;Brasileira;UruçuíPI;2211209;Graduação;6.09;1;;M;Cancelamento por Desligamento;Cancelamento por Desligamento;Pública;;;;Urbana;Não;Sim;Sim;;Não;Não;;Não;Não;Sim;Sim;;;42;1096;2192;;Sim;R4
214;2026;;2017.0;22/02/2021;2021;;;;19/10/2025;15/06/2003;;;Curso Superior de Tecnologia em Análise e Desenvolvimento de Sistemas;TO;Solteiro;Parda;Processo Seletivo/Escola Pública, Preto, Pardo ou Indígena, baixa renda (R2);1.0;AraguaínaTO;1702109;0;Brasileira;AraguaínaTO;1702109;Graduação;30.14;1;;M;Cancelamento por Desligamento;Cancelamento por Desligamento;Pública;;;;Urbana;;;;;;;;;;;;;;22;1096;2192;;Sim;R2
215;2023;;2016.0;01/02/2018;2018;;;;20/10/2025;14/10/1999;;;Curso Superior de Tecnologia em Análise e Desenvolvimento de Sistemas;TO;Solteiro;Branca;PS/Ampla Concorrência (Inativa);1.0;AraguaínaTO;1702109;0;Brasileira;DouradosMS;5003702;Graduação;25.38;1;;M;Cancelamento por Desligamento;Período Fechado;Privada;;;;Urbana;;;;;;;;;;;;;;26;1096;2192;;Não;AC
216;2026;;2019.0;22/02/2021;2021;;;;21/10/2025;07/12/1997;;;Curso Superior de Tecnologia em Análise e Desenvolvimento de Sistemas;TO;Solteiro;Parda;PS/Ampla Concorrência (Inativa);1.0;AraguaínaTO;1702109;0;Brasileira;AraguaínaTO;1702109;Graduação;0.0;1;;F;Cancelamento por Desligamento;Período Fechado;Pública;;;;Urbana;;;;;;;;;;;;;;27;1096;2192;;Não;AC
16;2027;2025.0;2021.0;14/01/2022;2022;25/06/2025;27/08/2025;02/10/2025;04/04/2025;25/02/2004;25/06/2025;;Curso Superior de Tecnologia em Análise e Desenvolvimento de Sistemas;TO;Solteiro;Parda;PS/Ampla Concorrência (Inativa);88.5;AraguaínaTO;1702109;100;Brasileira;AraguaínaTO;1702109;Graduação;100.0;1;0.71;F;Formado;Período Fechado;Pública;;;;Urbana;Não;Não;Não;Não;Não;Não;Não;Não;Não;Não;Não;1321.0;1258.0;21;1096;2192;63.0;Não;AC
218;2022;;2010.0;02/03/2017;2017;;;;23/10/2025;23/11/1992;;;Curso Superior de Tecnologia em Análise e Desenvolvimento de Sistemas;TO;Solteiro;Branca;SISU/Ampla concorrência;1.0;AraguaínaTO;1702109;0;Brasileira;RiachãoMA;2109502;Graduação;0.0;1;;M;Cancelamento por Desligamento;Período Fechado;Pública;;;;Urbana;;;;;;;;;;;;;;32;1096;2192;;Não;AC
219;2025;;2019.0;03/02/2020;2020;;;;24/10/2025;31/01/2001;;;Curso Superior de Tecnologia em Análise e Desenvolvimento de Sistemas;TO;Solteiro;Parda;Processo Seletivo/Escola Pública, Preto, Pardo ou Indígena, baixa renda (R2);48.83;AraguaínaTO;1702109;0;Brasileira;XambioáTO;1722107;Graduação;25.0;1;;M;Cancelamento por Desligamento;Cancelamento por Desligamento;Pública;;;;Urbana;Não;Sim;Sim;;Não;Sim;;Não;Não;Sim;Sim;;;24;1096;2192;;Sim;R2
220;2026;;2023.0;25/01/2024;2024;;;;25/10/2025;28/02/2006;;;Curso Superior de Tecnologia em Análise e Desenvolvimento de Sistemas;TO;Solteiro;Parda;Processo Seletivo/Escola Pública, Preto, Pardo ou Indígena, baixa renda (R2);0.0;AraguaínaTO;1702109;0;Brasileira;Santa HelenaMA;2109809;Graduação;;1;;M;Cancelado;Cancelada;Pública;;;;Urbana;;;;;;;;;;;;;;19;1096;2192;;Sim;R2
221;2023;;1991.0;01/02/2018;2018;;;;26/10/2025;05/09/1974;;Deficiência Física;Curso Superior de Tecnologia em Análise e Desenvolvimento de Sistemas;TO;Casado;Parda;PS/Ampla Concorrência (Inativa);1.0;AraguaínaTO;1702109;0;Brasileira;TeresinaPI;2211001;Graduação;58.71;1;;M;Cancelamento por Desligamento;Período Fechado;Privada;;;;Urbana;;;;;;;;;;;;;;51;1096;2192;;Não;AC
367;2025;;2022.0;30/01/2023;2023;;;;21/03/2026;25/11/1998;;;Curso Superior de Tecnologia em Análise e Desenvolvimento de Sistemas;TO;Solteiro;Parda;PS/Portador de Diploma;88.52;AraguaínaTO;1702109;0;Brasileira;AraguaínaTO;1702109;Graduação;76.0;1;0.94;F;Matriculado;Matriculado;Pública;;;;Urbana;Não;Sim;Sim;Sim;Não;Sim;Não;Não;Não;Sim;Sim;;;26;1096;2192;;Sim;Diploma
172;2027;2025.0;2018.0;14/01/2022;2022;25/06/2025;27/08/2025;11/09/2025;07/09/2025;18/12/2004;25/06/2025;;Curso Superior de Tecnologia em Análise e Desenvolvimento de Sistemas;TO;Solteiro;Parda;Processo Seletivo/Escola pública, baixa renda (R4);92.87;NazaréTO;1714302;100;Brasileira;AraguaínaTO;1702109;Graduação;100.0;1;0.21;M;Formado;Período Fechado;Pública;;;;Rural;Não;Não;Não;Não;Não;Não;Não;Não;Não;Não;Não;1321.0;1258.0;20;1096;2192;63.0;Sim;R4
224;2023;;2017.0;01/02/2018;2018;;;;29/10/2025;14/01/2001;;;Curso Superior de Tecnologia em Análise e Desenvolvimento de Sistemas;TO;Solteiro;Parda;SISU/Ampla concorrência;1.0;AraguaínaTO;1702109;0;Brasileira;Nova ColinasMA;2107258;Graduação;0.0;1;;M;Cancelamento por Desligamento;Período Fechado;Pública;;;;Urbana;;;;;;;;;;;;;;24;1096;2192;;Não;AC
225;2025;;2021.0;30/01/2023;2023;;;;30/10/2025;12/05/2002;;;Curso Superior de Tecnologia em Análise e Desenvolvimento de Sistemas;TO;Solteiro;Branca;Processo Seletivo/Escola pública, baixa renda (R4);91.16;AraguaínaTO;1702109;0;Brasileira;Porto FrancoMA;2109007;Graduação;81.0;1;1.06;M;Matriculado;Matriculado;Pública;;;;Urbana;Não;Sim;Não;Sim;Não;Sim;Não;Não;Não;Sim;Sim;;;23;1096;2192;;Sim;R4
423;2026;;2019.0;25/01/2024;2024;;;;16/05/2026;09/12/1989;;;Curso Superior de Tecnologia em Análise e Desenvolvimento de Sistemas;TO;Solteiro;Preta;PS/Portador de Diploma;37.96;AraguaínaTO;1702109;0;Brasileira;Axixá do TocantinsTO;1702901;Graduação;6.0;1;2.12;M;Trancado;Em Aberto;Privada;;;;Urbana;Não;Sim;Sim;Sim;Não;Sim;Não;Não;Não;Sim;Sim;;;35;1096;2192;;Sim;Diploma
27;2027;2025.0;2021.0;14/01/2022;2022;30/06/2025;27/08/2025;07/10/2025;15/04/2025;27/09/2003;;;Curso Superior de Tecnologia em Análise e Desenvolvimento de Sistemas;TO;Solteiro;Branca;Processo Seletivo/Escola pública, baixa renda (R4);83.41;AraguaínaTO;1702109;80;Brasileira;AraguaínaTO;1702109;Graduação;100.0;1;4.25;M;Formado;Período Fechado;Pública;;;;Urbana;Não;Não;Não;Não;Não;Não;Não;Não;Não;Não;Não;1321.0;1263.0;22;1096;2192;58.0;Sim;R4
228;2026;;2023.0;25/01/2024;2024;;;;02/11/2025;02/01/2006;;;Curso Superior de Tecnologia em Análise e Desenvolvimento de Sistemas;TO;Solteiro;Branca;Processo Seletivo/Ampla Concorrência (AC);0.0;AraguaínaTO;1702109;0;Brasileira;AraguaínaTO;1702109;Graduação;;1;;M;Cancelado;Cancelada;Pública;;;;Urbana;;;;;;;;;;;;;;19;1096;2192;;Não;AC
229;2027;;2016.0;03/02/2025;2025;;;;03/11/2025;14/10/1996;;;Curso Superior de Tecnologia em Análise e Desenvolvimento de Sistemas;TO;Solteiro;Preta;Processo Seletivo/Ampla Concorrência (AC);74.14;AraguaínaTO;1702109;0;Brasileira;GoiâniaGO;5208707;Graduação;12.0;1;0.78;M;Matriculado;Matriculado;Pública;;;;Urbana;Não;Sim;Sim;Sim;Não;Sim;Não;Não;Não;Sim;Sim;;;28;1096;2192;;Não;AC
437;2027;;2004.0;14/01/2022;2022;;;;30/05/2026;24/04/1985;;;Curso Superior de Tecnologia em Análise e Desenvolvimento de Sistemas;TO;Casado;Parda;PS/Portador de Diploma;1.0;AraguaínaTO;1702109;0;Brasileira;TocantinópolisTO;1721208;Graduação;4.76;1;;M;Cancelamento por Desligamento;Cancelamento por Desligamento;Pública;;;;Urbana;;;;;;;;;;;;;;40;1096;2192;;Sim;Diploma
314;2027;2025.0;2021.0;14/01/2022;2022;30/06/2025;27/08/2025;07/10/2025;27/01/2026;31/10/2003;30/06/2025;;Curso Superior de Tecnologia em Análise e Desenvolvimento de Sistemas;TO;Solteiro;Branca;PS/Ampla Concorrência (Inativa);82.42;Santa Fé do AraguaiaTO;1718865;80;Brasileira;AraguaínaTO;1702109;Graduação;100.0;1;0.0;M;Formado;Período Fechado;Pública;Municipal;Ônibus;;Urbana;Não;Não;Não;Não;Não;Não;Não;Não;Não;Não;Não;1321.0;1263.0;21;1096;2192;58.0;Não;AC
232;2023;;2007.0;01/02/2018;2018;;;;06/11/2025;30/10/1989;;;Curso Superior de Tecnologia em Análise e Desenvolvimento de Sistemas;TO;Solteiro;Parda;Processo Seletivo/Escola pública, independente de renda (R8);1.0;AraguaínaTO;1702109;0;Brasileira;AraguaínaTO;1702109;Graduação;55.52;1;;M;Cancelamento por Desligamento;Evasão;Pública;;;;Urbana;;;;;;;;;;;;;;35;1096;2192;;Sim;R8
233;2024;;2015.0;28/01/2019;2019;;;;07/11/2025;07/11/2000;;;Curso Superior de Tecnologia em Análise e Desenvolvimento de Sistemas;TO;Solteiro;Preta;SISU/Ampla concorrência;1.0;AraguaínaTO;1702109;0;Brasileira;AraguaínaTO;1702109;Graduação;0.0;1;;M;Cancelamento por Desligamento;Período Fechado;Pública;;;;Urbana;;;;;;;;;;;;;;24;1096;2192;;Não;AC
234;2026;;2014.0;25/01/2024;2024;;;;08/11/2025;16/10/1997;;;Curso Superior de Tecnologia em Análise e Desenvolvimento de Sistemas;TO;Casado;Branca;Processo Seletivo/Ampla Concorrência (AC);65.56;AraguaínaTO;1702109;0;Brasileira;NazaréTO;1714302;Graduação;33.0;1;0.68;M;Matriculado;Matriculado;Pública;;;;Urbana;Não;Sim;Sim;Sim;Não;Sim;Não;Não;Não;Sim;Sim;;;27;1096;2192;;Não;AC
235;2026;;2016.0;22/02/2021;2021;;;;09/11/2025;08/11/2001;;;Curso Superior de Tecnologia em Análise e Desenvolvimento de Sistemas;TO;Solteiro;Branca;PS/Ampla Concorrência (Inativa);55.9;AraguaínaTO;1702109;0;Brasileira;AnápolisGO;5201108;Graduação;22.24;1;;M;Cancelamento por Desligamento;Cancelamento por Desligamento;Pública;;;;Urbana;Não;Sim;Sim;;Não;Sim;;Não;Não;Sim;Sim;;;23;1096;2192;;Não;AC
236;2023;;2012.0;01/02/2018;2018;;;;10/11/2025;09/06/1994;;;Curso Superior de Tecnologia em Análise e Desenvolvimento de Sistemas;TO;Casado;Preta;SISU/Ampla concorrência;1.0;AraguaínaTO;1702109;0;Brasileira;RecifePE;2611606;Graduação;12.67;1;;M;Cancelamento por Desligamento;Período Fechado;Pública;;;;Urbana;;;;;;;;;;;;;;31;1096;2192;;Não;AC
237;2023;;2012.0;01/02/2018;2018;;;;11/11/2025;07/11/1995;;;Curso Superior de Tecnologia em Análise e Desenvolvimento de Sistemas;TO;Solteiro;Parda;Processo Seletivo/Escola pública, baixa renda (R4);1.0;AragominasTO;1701309;0;Brasileira;Santa Fé do AraguaiaTO;1718865;Graduação;15.86;1;;M;Cancelamento por Desligamento;Período Fechado;Pública;;;;Rural;;;;;;;;;;;;;;29;1096;2192;;Sim;R4
479;2021;;2012.0;23/03/2016;2016;17/12/2019;20/02/2020;;11/07/2026;21/04/1994;;;Curso Superior de Tecnologia em Análise e Desenvolvimento de Sistemas;TO;Solteiro;Parda;SISU/Ampla concorrência;1.0;DarcinópolisTO;1706506;0;Brasileira;WanderlândiaTO;1722081;Graduação;100.0;1;;M;Concluído;Período Fechado;Pública;;;;Urbana;;;;;;;;;;;;1429.0;1364.0;31;1096;2192;65.0;Não;AC
239;2025;;2019.0;03/02/2020;2020;;;;13/11/2025;25/07/1996;;;Curso Superior de Tecnologia em Análise e Desenvolvimento de Sistemas;MA;Solteiro;Branca;SISU/Ampla concorrência;1.0;EstreitoMA;2104057;0;Brasileira;EstreitoMA;2104057;Graduação;0.0;1;;M;Cancelamento por Desligamento;Período Fechado;Pública;;;;Urbana;;;;;;;;;;;;;;29;1096;2192;;Não;AC
240;2026;;2019.0;22/02/2021;2021;;;;14/11/2025;24/02/1993;;;Curso Superior de Tecnologia em Análise e Desenvolvimento de Sistemas;TO;Solteiro;Preta;Processo Seletivo/Escola Pública, Preto, Pardo ou Indígena, baixa renda (R2);1.0;AraguaínaTO;1702109;0;Brasileira;AraguaínaTO;1702109;Graduação;0.0;1;;M;Cancelamento por Desligamento;Período Fechado;Pública;;;;Urbana;;;;;;;;;;;;;;32;1096;2192;;Sim;R2
241;2027;;2024.0;03/02/2025;2025;;;;15/11/2025;19/03/2004;;;Curso Superior de Tecnologia em Análise e Desenvolvimento de Sistemas;TO;Solteiro;Branca;Processo Seletivo/Ampla Concorrência (AC);85.68;AraguaínaTO;1702109;0;Brasileira;ImperatrizMA;2105302;Graduação;15.0;1;0.25;M;Matriculado;Matriculado;Pública;;;;Urbana;Não;Sim;Sim;Sim;Não;Sim;Não;Não;Não;Sim;Sim;;;21;1096;2192;;Não;AC
242;2023;;1999.0;01/02/2018;2018;;;;16/11/2025;10/11/1980;;;Curso Superior de Tecnologia em Análise e Desenvolvimento de Sistemas;TO;Casado;Parda;PS/Ampla Concorrência (Inativa);1.0;AraguaínaTO;1702109;0;Brasileira;AraguaínaTO;1702109;Graduação;0.0;1;;M;Cancelamento por Desligamento;Período Fechado;Pública;;;;Urbana;;;;;;;;;;;;;;44;1096;2192;;Não;AC
243;2023;;2001.0;01/02/2018;2018;;;;17/11/2025;06/03/1983;;;Curso Superior de Tecnologia em Análise e Desenvolvimento de Sistemas;TO;Solteiro;Parda;PS/Ampla Concorrência (Inativa);1.0;AraguaínaTO;1702109;0;Brasileira;Cabo de Santo AgostinhoPE;2602902;Graduação;36.48;1;;M;Cancelamento por Desligamento;Período Fechado;Pública;;;;Urbana;;;;;;;;;;;;;;42;1096;2192;;Não;AC
187;2024;;2016.0;28/01/2019;2019;;;;22/09/2025;30/08/1999;;;Curso Superior de Tecnologia em Análise e Desenvolvimento de Sistemas;TO;Solteiro;Parda;SISU/Escola Pública, Preto, Pardo ou Indígena, baixa renda;63.94;AraguaínaTO;1702109;0;Brasileira;GoiatinsTO;1709005;Graduação;67.0;1;0.18;M;Matriculado;Em Aberto;Pública;;;;Urbana;Não;Sim;Sim;Sim;Não;Sim;Não;Não;Não;Sim;Sim;;;26;1096;2192;;Sim;LB_PPI
245;2021;;2015.0;23/03/2016;2016;;;;19/11/2025;03/07/1997;;;Curso Superior de Tecnologia em Análise e Desenvolvimento de Sistemas;TO;Solteiro;Amarela;SISU/Ampla concorrência;1.0;XambioáTO;1722107;0;Brasileira;XambioáTO;1722107;Graduação;0.0;1;;M;Cancelamento por Desligamento;Período Fechado;Pública;;;;Urbana;;;;;;;;;;;;;;28;1096;2192;;Não;AC
246;2026;;2020.0;22/02/2021;2021;;;;20/11/2025;04/12/2002;;;Curso Superior de Tecnologia em Análise e Desenvolvimento de Sistemas;TO;Solteiro;Preta;PS/Ampla Concorrência (Inativa);77.24;AraguaínaTO;1702109;0;Brasileira;Conceição do AraguaiaPA;1502707;Graduação;79.0;1;0.3;M;Cancelamento Compulsório;Cancelamento Compulsório;Privada;;;;Urbana;Não;Sim;Sim;;Não;Sim;;Não;Não;Sim;Sim;;;22;1096;2192;;Não;AC
472;2026;;2018.0;22/02/2021;2021;;;;04/07/2026;26/07/1988;;;Curso Superior de Tecnologia em Análise e Desenvolvimento de Sistemas;TO;Solteiro;Não declarado;PS/Portador de Diploma;64.97;WanderlândiaTO;1722081;0;Brasileira;MossoróRN;2408003;Graduação;36.0;1;;M;Cancelamento Compulsório;Cancelamento Compulsório;Pública;;;;Urbana;Não;Sim;Sim;Sim;Não;Sim;;Não;Não;Sim;Sim;;;37;1096;2192;;Sim;Diploma
248;2027;;2020.0;14/01/2022;2022;;;;22/11/2025;24/05/2003;;;Curso Superior de Tecnologia em Análise e Desenvolvimento de Sistemas;TO;Solteiro;Branca;Processo Seletivo/Escola pública, baixa renda (R4);85.55;AraguaínaTO;1702109;0;Brasileira;AraguaínaTO;1702109;Graduação;92.0;1;0.94;M;Matrícula Vínculo Institucional;Em Aberto;Pública;;;;Urbana;Não;Sim;Sim;Sim;Não;Sim;Não;Não;Não;Não;Sim;;;22;1096;2192;;Sim;R4
249;2025;;2017.0;03/02/2020;2020;;;;23/11/2025;07/07/2000;;;Curso Superior de Tecnologia em Análise e Desenvolvimento de Sistemas;TO;Solteiro;Parda;PS/Ampla Concorrência (Inativa);75.07;AraguaínaTO;1702109;0;Brasileira;AraguaínaTO;1702109;Graduação;78.0;1;0.19;F;Matrícula Vínculo Institucional;Em Aberto;Pública;Municipal;Ônibus;;Urbana;Não;Sim;Sim;Sim;Não;Sim;Não;Não;Não;Sim;Sim;;;25;1096;2192;;Não;AC
250;2022;;2011.0;02/03/2017;2017;;;;24/11/2025;16/10/1989;;;Curso Superior de Tecnologia em Análise e Desenvolvimento de Sistemas;TO;Solteiro;Parda;Processo Seletivo/Escola Pública, Preto, Pardo ou Indígena, Independente de renda (R6);1.0;AraguaínaTO;1702109;0;Brasileira;AraguaínaTO;1702109;Graduação;26.95;1;;M;Cancelamento por Desligamento;Período Fechado;Pública;;;;Urbana;;;;;;;;;;;;;;35;1096;2192;;Sim;R6
481;2027;;2019.0;14/01/2022;2022;;;;13/07/2026;13/06/1995;;;Curso Superior de Tecnologia em Análise e Desenvolvimento de Sistemas;TO;Solteiro;Preta;PS/Portador de Diploma;58.6;AraguaínaTO;1702109;0;Brasileira;AracajuSE;2800308;Graduação;14.0;2;1.06;M;Cancelado;Cancelada;Pública;;;;Urbana;Não;Sim;Sim;Não;Não;Sim;;Não;Não;Sim;Sim;;;30;1096;2192;;Sim;Diploma
305;2023;2020.0;2011.0;01/02/2018;2018;17/12/2021;23/09/2022;;18/01/2026;04/11/1993;;;Curso Superior de Tecnologia em Análise e Desenvolvimento de Sistemas;TO;Casado;Parda;Processo Seletivo/Escola Pública, Preto, Pardo ou Indígena, baixa renda (R2);79.61;AraguaínaTO;1702109;0;Brasileira;XambioáTO;1722107;Graduação;100.0;1;;M;Formado;Período Fechado;Pública;;;;Urbana;Não;Não;Não;Não;Não;Não;;Não;Não;Não;Não;1695.0;1415.0;31;1096;2192;280.0;Sim;R2
253;2025;;2018.0;03/02/2020;2020;;;;27/11/2025;02/01/2002;;;Curso Superior de Tecnologia em Análise e Desenvolvimento de Sistemas;TO;Solteiro;Branca;SISU/Ampla concorrência;1.0;AraguaínaTO;1702109;0;Brasileira;AraguaínaTO;1702109;Graduação;15.81;1;;M;Cancelamento por Desligamento;Cancelamento por Desligamento;Pública;;;;Urbana;;;;;;;;;;;;;;23;1096;2192;;Não;AC
254;2026;;2023.0;25/01/2024;2024;;;;28/11/2025;08/09/2006;;;Curso Superior de Tecnologia em Análise e Desenvolvimento de Sistemas;TO;Solteiro;Parda;Processo Seletivo/Ampla Concorrência (AC);75.14;MuricilândiaTO;1713957;0;Brasileira;AraguaínaTO;1702109;Graduação;46.0;1;0.71;M;Matriculado;Matriculado;Pública;Municipal;Ônibus;;Urbana;Não;Sim;Sim;Sim;Não;Sim;Não;Não;Não;Sim;Sim;;;19;1096;2192;;Não;AC
34;2027;;2012.0;14/01/2022;2022;;;;22/04/2025;30/12/1994;;;Curso Superior de Tecnologia em Análise e Desenvolvimento de Sistemas;TO;Casado;Preta;PS/Reingresso;0.0;AraguaínaTO;1702109;0;Brasileira;AraguaínaTO;1702109;Graduação;0.0;1;;F;Cancelamento por Desligamento;Cancelamento por Desligamento;Pública;;;;Urbana;Não;Sim;Sim;;Não;Não;;Não;Não;Sim;Sim;;;30;1096;2192;;Não;Reingresso
191;2023;;2016.0;01/02/2018;2018;;;;26/09/2025;05/04/1989;;;Curso Superior de Tecnologia em Análise e Desenvolvimento de Sistemas;TO;Solteiro;Preta;SISU/Escola Pública, Preto, Pardo ou Indígena, baixa renda;1.0;AraguaínaTO;1702109;0;Brasileira;AraguaínaTO;1702109;Graduação;0.0;1;;M;Cancelamento por Desligamento;Período Fechado;Pública;;;;Urbana;;;;;;;;;;;;;;36;1096;2192;;Sim;LB_PPI
257;2026;;2021.0;25/01/2024;2024;;;;01/12/2025;15/05/2004;;;Curso Superior de Tecnologia em Análise e Desenvolvimento de Sistemas;TO;Solteiro;Parda;Processo Seletivo/Escola pública, independente de renda (R8);86.76;AraguaínaTO;1702109;0;Brasileira;ImperatrizMA;2105302;Graduação;44.0;1;1.42;M;Matriculado;Matriculado;Pública;;;;Urbana;Não;Sim;Sim;Sim;Não;Sim;Não;Não;Não;Sim;Sim;;;21;1096;2192;;Sim;R8
258;2027;;2024.0;03/02/2025;2025;;;;02/12/2025;15/06/2007;;;Curso Superior de Tecnologia em Análise e Desenvolvimento de Sistemas;TO;Solteiro;Parda;Processo Seletivo/LI_EP: Candidatos que, independentemente da renda, tenham cursado integralmente o ensino médio em escolas públicas;63.25;Maurilândia do TocantinsTO;1712801;0;Brasileira;TocantinópolisTO;1721208;Graduação;6.0;1;0.0;M;Matriculado;Em Aberto;Pública;;;;Rural;Não;Sim;Sim;Sim;Não;Sim;Não;Não;Não;Sim;Sim;;;18;1096;2192;;Sim;LI_EP
244;2021;;2014.0;23/03/2016;2016;;;;18/11/2025;07/04/1997;;;Curso Superior de Tecnologia em Análise e Desenvolvimento de Sistemas;TO;Solteiro;Preta;SISU/Escola Pública, Preto, Pardo ou Indígena, baixa renda;1.0;Nova OlindaTO;1714880;0;Brasileira;Colinas do TocantinsTO;1705508;Graduação;63.48;1;;M;Cancelamento por Desligamento;Período Fechado;Pública;;;;Urbana;;;;;;;;;;;;;;28;1096;2192;;Sim;LB_PPI
260;2025;;2019.0;30/01/2023;2023;;;;04/12/2025;06/03/2001;;;Curso Superior de Tecnologia em Análise e Desenvolvimento de Sistemas;TO;Solteiro;Parda;Processo Seletivo/Escola pública, independente de renda (R8);67.9;Colinas do TocantinsTO;1705508;0;Brasileira;Colinas do TocantinsTO;1705508;Graduação;12.67;1;0.95;M;Cancelamento por Desligamento;Cancelamento por Desligamento;Pública;;;;Urbana;Não;Sim;Sim;;Não;Sim;;Não;Não;Sim;Sim;;;24;1096;2192;;Sim;R8
261;2025;;2015.0;03/02/2020;2020;;;;05/12/2025;04/08/1996;;;Curso Superior de Tecnologia em Análise e Desenvolvimento de Sistemas;TO;Solteiro;Branca;SISU/Ampla concorrência;1.0;AraguaínaTO;1702109;0;Brasileira;AraguaínaTO;1702109;Graduação;7.9;1;;M;Cancelamento por Desligamento;Período Fechado;Pública;;;;Urbana;;;;;;;;;;;;;;29;1096;2192;;Não;AC
262;2027;;2021.0;03/02/2025;2025;;;;06/12/2025;15/02/2002;;;Curso Superior de Tecnologia em Análise e Desenvolvimento de Sistemas;TO;Solteiro;Parda;Processo Seletivo/LI_EP: Candidatos que, independentemente da renda, tenham cursado integralmente o ensino médio em escolas públicas;76.74;AraguaínaTO;1702109;0;Brasileira;AnanásTO;1701002;Graduação;12.0;1;0.5;M;Matriculado;Matriculado;Pública;;;;Urbana;Não;Sim;Sim;Sim;Não;Sim;Não;Não;Não;Sim;Sim;;;23;1096;2192;;Sim;LI_EP
263;2021;;2015.0;23/03/2016;2016;;;;07/12/2025;09/11/1998;;;Curso Superior de Tecnologia em Análise e Desenvolvimento de Sistemas;TO;Solteiro;Parda;SISU/Ampla concorrência;1.0;AraguaínaTO;1702109;0;Brasileira;RosárioMA;2109601;Graduação;7.9;1;;F;Transferido Externo;Período Fechado;Privada;;;;Urbana;;;;;;;;;;;;;;26;1096;2192;;Não;AC
264;2027;;2021.0;03/02/2025;2025;;;;08/12/2025;10/03/2004;;;Curso Superior de Tecnologia em Análise e Desenvolvimento de Sistemas;TO;Solteiro;Parda;Processo Seletivo/LI_EP: Candidatos que, independentemente da renda, tenham cursado integralmente o ensino médio em escolas públicas;78.77;AraguaínaTO;1702109;0;Brasileira;AraguaínaTO;1702109;Graduação;15.0;1;0.89;M;Matriculado;Matriculado;Pública;;;;Urbana;Não;Sim;Sim;Sim;Não;Sim;Não;Não;Não;Sim;Sim;;;21;1096;2192;;Sim;LI_EP
265;2025;;2022.0;30/01/2023;2023;;;;09/12/2025;23/05/2004;;;Curso Superior de Tecnologia em Análise e Desenvolvimento de Sistemas;TO;Solteiro;Parda;Processo Seletivo/Escola pública, independente de renda (R8);92.1;AraguaínaTO;1702109;0;Brasileira;AraguaínaTO;1702109;Graduação;75.0;1;1.85;M;Matriculado;Matriculado;Pública;;;;Urbana;Não;Sim;Sim;Sim;Não;Sim;Não;Não;Não;Sim;Sim;;;21;1096;2192;;Sim;R8
266;2022;;2011.0;02/03/2017;2017;;;;10/12/2025;29/03/1994;;;Curso Superior de Tecnologia em Análise e Desenvolvimento de Sistemas;TO;Solteiro;Branca;Processo Seletivo/Escola pública, independente de renda (R8);1.0;AraguaínaTO;1702109;0;Brasileira;São PauloSP;3550308;Graduação;19.05;1;;M;Cancelamento por Desligamento;Período Fechado;Pública;;;;Urbana;;;;;;;;;;;;;;31;1096;2192;;Sim;R8
267;2022;;2013.0;02/03/2017;2017;;;;11/12/2025;25/02/1999;;;Curso Superior de Tecnologia em Análise e Desenvolvimento de Sistemas;TO;Solteiro;Parda;SISU/Escola Pública, Preto, Pardo ou Indígena, baixa renda;1.0;AraguaínaTO;1702109;0;Brasileira;BelémPA;1501402;Graduação;12.71;1;;M;Cancelamento por Desligamento;Período Fechado;Pública;;;;Urbana;;;;;;;;;;;;;;26;1096;2192;;Sim;LB_PPI
268;2025;;2014.0;03/02/2020;2020;;;;12/12/2025;06/11/1990;;;Curso Superior de Tecnologia em Análise e Desenvolvimento de Sistemas;TO;Casado;Branca;PS/Ampla Concorrência (Inativa);1.0;AraguaínaTO;1702109;0;Brasileira;AraguaínaTO;1702109;Graduação;47.57;1;;M;Cancelamento por Desligamento;Cancelamento por Desligamento;Privada;;;;Urbana;;;;;;;;;;;;;;34;1096;2192;;Não;AC
269;2027;;2021.0;03/02/2025;2025;;;;13/12/2025;16/03/2004;;;Curso Superior de Tecnologia em Análise e Desenvolvimento de Sistemas;TO;Solteiro;Branca;Processo Seletivo/LI_EP: Candidatos que, independentemente da renda, tenham cursado integralmente o ensino médio em escolas públicas;75.8;BabaçulândiaTO;1703008;0;Brasileira;AraguaínaTO;1702109;Graduação;15.0;1;0.07;F;Matriculado;Matriculado;Pública;Municipal;Ônibus;;Urbana;Não;Sim;Sim;Sim;Não;Sim;Não;Não;Não;Sim;Sim;;;21;1096;2192;;Sim;LI_EP
270;2025;;2015.0;30/01/2023;2023;;;;14/12/2025;27/06/1998;;;Curso Superior de Tecnologia em Análise e Desenvolvimento de Sistemas;TO;Solteiro;Preta;Processo Seletivo/Ampla Concorrência (AC);51.9;AraguaínaTO;1702109;0;Brasileira;AraguaínaTO;1702109;Graduação;17.0;1;;F;Cancelado;Cancelada;Pública;;;;Urbana;Não;Sim;Sim;;Não;Sim;;Não;Não;Sim;Sim;;;27;1096;2192;;Não;AC
271;2027;;2024.0;03/02/2025;2025;;;;15/12/2025;05/03/2007;;;Curso Superior de Tecnologia em Análise e Desenvolvimento de Sistemas;TO;Solteiro;Branca;Processo Seletivo/LI_EP: Candidatos que, independentemente da renda, tenham cursado integralmente o ensino médio em escolas públicas;80.44;Nova OlindaTO;1714880;0;Brasileira;AraguaínaTO;1702109;Graduação;15.0;1;0.53;F;Matriculado;Matriculado;Pública;Municipal;Ônibus;;Urbana;Não;Sim;Sim;Sim;Não;Sim;Não;Não;Não;Sim;Sim;;;18;1096;2192;;Sim;LI_EP
272;2021;;2014.0;23/03/2016;2016;;;;16/12/2025;01/04/1997;;;Curso Superior de Tecnologia em Análise e Desenvolvimento de Sistemas;TO;Solteiro;Preta;SISU/Ampla concorrência;1.0;AraguaínaTO;1702109;0;Brasileira;AraguaínaTO;1702109;Graduação;50.76;1;;M;Cancelamento por Desligamento;Período Fechado;Privada;;;;Urbana;;;;;;;;;;;;;;28;1096;2192;;Não;AC
95;2020;;2014.0;30/01/2015;2015;19/12/2018;28/02/2020;;22/06/2025;20/01/1997;;;Curso Superior de Tecnologia em Análise e Desenvolvimento de Sistemas;TO;Solteiro;Parda;PS/Ampla Concorrência (Inativa);1.0;AraguaínaTO;1702109;0;Brasileira;AraguaínaTO;1702109;Graduação;100.0;1;;F;Concluído;Período Fechado;Pública;;;;Urbana;;;;;;;;;;;;1855.0;1419.0;28;1096;2192;436.0;Não;AC
274;2022;;2017.0;02/03/2017;2017;;;;18/12/2025;17/07/1999;;;Curso Superior de Tecnologia em Análise e Desenvolvimento de Sistemas;TO;Solteiro;Parda;Processo Seletivo/Escola Pública, Preto, Pardo ou Indígena, Independente de renda (R6);1.0;AraguaínaTO;1702109;0;Brasileira;AraguaínaTO;1702109;Graduação;12.62;1;;F;Cancelamento por Desligamento;Período Fechado;Pública;;;;Urbana;;;;;;;;;;;;;;26;1096;2192;;Sim;R6
103;2020;;2009.0;30/01/2015;2015;19/12/2018;28/02/2020;;30/06/2025;14/07/1991;;;Curso Superior de Tecnologia em Análise e Desenvolvimento de Sistemas;TO;Casado;Preta;PS/Ampla Concorrência (Inativa);1.0;AraguaínaTO;1702109;0;Brasileira;AraguaínaTO;1702109;Graduação;100.0;1;;F;Concluído;Período Fechado;Pública;;;;Urbana;;;;;;;;;;;;1855.0;1419.0;34;1096;2192;436.0;Não;AC
276;2027;;2020.0;14/01/2022;2022;;;;20/12/2025;04/01/2003;;;Curso Superior de Tecnologia em Análise e Desenvolvimento de Sistemas;TO;Casado;Parda;PS/Ampla Concorrência (Inativa);76.15;AraguaínaTO;1702109;0;Brasileira;AraguaínaTO;1702109;Graduação;12.28;1;;F;Cancelamento por Desligamento;Cancelamento por Desligamento;Pública;;;;Urbana;Não;Sim;Sim;;Não;Não;;Não;Não;Sim;Sim;;;22;1096;2192;;Não;AC
114;2020;;2009.0;30/01/2015;2015;19/12/2018;28/02/2020;;11/07/2025;18/05/1992;;;Curso Superior de Tecnologia em Análise e Desenvolvimento de Sistemas;TO;Casado;Parda;PS/Ampla Concorrência (Inativa);1.0;AraguaínaTO;1702109;0;Brasileira;ImperatrizMA;2105302;Graduação;100.0;1;;M;Concluído;Período Fechado;Pública;;;;Urbana;;;;;;;;;;;;1855.0;1419.0;33;1096;2192;436.0;Não;AC
278;2025;;2020.0;30/01/2023;2023;;;;22/12/2025;17/08/2003;;;Curso Superior de Tecnologia em Análise e Desenvolvimento de Sistemas;TO;Solteiro;Branca;Processo Seletivo/Ampla Concorrência (AC);76.99;AraguaínaTO;1702109;0;Brasileira;AraguaínaTO;1702109;Graduação;70.0;1;1.18;M;Matriculado;Matriculado;Pública;;;;Urbana;Não;Sim;Sim;Sim;Não;Sim;Não;Não;Não;Sim;Sim;;;22;1096;2192;;Não;AC
47;2026;;2002.0;25/01/2024;2024;;;;05/05/2025;31/12/1984;;;Curso Superior de Tecnologia em Análise e Desenvolvimento de Sistemas;TO;Casado;Branca;PS/Reingresso;25.38;AraguaínaTO;1702109;0;Brasileira;AnápolisGO;5201108;Graduação;15.0;1;0.62;M;Matriculado;Em Aberto;Privada;;;;Urbana;Não;Sim;Sim;Sim;Não;Sim;Não;Não;Não;Sim;Sim;;;40;1096;2192;;Não;Reingresso
101;2027;;2014.0;14/01/2022;2022;;;;28/06/2025;13/04/1994;;;Curso Superior de Tecnologia em Análise e Desenvolvimento de Sistemas;TO;Solteiro;Parda;PS/Reingresso;72.0;AraguaínaTO;1702109;0;Brasileira;ItaitubaPA;1503606;Graduação;3.05;1;;M;Cancelamento por Desligamento;Cancelamento por Desligamento;Pública;;;;Urbana;Não;Sim;Sim;;Não;Não;;Não;Não;Sim;Sim;;;31;1096;2192;;Não;Reingresso
281;2025;;2016.0;30/01/2023;2023;;;;25/12/2025;03/10/1998;;Baixa Visão;Curso Superior de Tecnologia em Análise e Desenvolvimento de Sistemas;TO;Solteiro;Parda;Processo Seletivo/Escola Pública, Preto, Pardo ou Indígena, Baixa Renda, com Deficiência (R1);9.26;AraguaínaTO;1702109;0;Brasileira;AraguaínaTO;1702109;Graduação;0.0;1;1.86;M;Cancelamento por Desligamento;Cancelamento por Desligamento;Pública;;;;Urbana;Não;Sim;Sim;;Não;Sim;;Não;Não;Sim;Sim;;;27;1096;2192;;Sim;R1
282;2027;;2017.0;14/01/2022;2022;;;;26/12/2025;09/07/2000;;;Curso Superior de Tecnologia em Análise e Desenvolvimento de Sistemas;TO;Solteiro;Amarela;PS/Ampla Concorrência (Inativa);1.0;AraguaínaTO;1702109;0;Brasileira;AraguaínaTO;1702109;Graduação;7.91;1;;F;Cancelamento por Desligamento;Cancelamento por Desligamento;Pública;;;;Urbana;;;;;;;;;;;;;;25;1096;2192;;Não;AC
283;2025;;2021.0;30/01/2023;2023;;;;27/12/2025;18/12/2003;;;Curso Superior de Tecnologia em Análise e Desenvolvimento de Sistemas;TO;Solteiro;Branca;Processo Seletivo/Escola pública, baixa renda (R4);23.14;AraguaínaTO;1702109;0;Brasileira;AraguaínaTO;1702109;Graduação;0.0;1;;M;Cancelamento por Desligamento;Cancelamento por Desligamento;Pública;;;;Urbana;Não;Sim;Sim;;Não;Sim;;Não;Não;Sim;Sim;;;21;1096;2192;;Sim;R4
284;2027;;2002.0;03/02/2025;2025;;;;28/12/2025;06/11/1984;;;Curso Superior de Tecnologia em Análise e Desenvolvimento de Sistemas;TO;Solteiro;Parda;SISU/LB_PPI: Candidatos autodeclarados pretos, pardos ou indígenas, com renda familiar bruta per capita igual ou inferior a 1 salário mínimo e que tenham cursado integralmente o ensino médio em escolas públicas;77.16;AraguaínaTO;1702109;0;Brasileira;AraguaínaTO;1702109;Graduação;15.0;1;0.5;M;Matriculado;Matriculado;Pública;;;;Urbana;Não;Sim;Sim;Sim;Não;Sim;Não;Não;Não;Sim;Sim;;;40;1096;2192;;Sim;LB_PPI
285;2025;;2002.0;03/02/2020;2020;;;;29/12/2025;06/11/1984;;;Curso Superior de Tecnologia em Análise e Desenvolvimento de Sistemas;TO;Solteiro;Parda;PS/Ampla Concorrência (Inativa);1.0;AraguaínaTO;1702109;0;Brasileira;AraguaínaTO;1702109;Graduação;0.0;1;;M;Cancelamento por Desligamento;Período Fechado;Pública;;;;Urbana;;;;;;;;;;;;;;40;1096;2192;;Não;AC
252;2020;;2013.0;30/01/2015;2015;19/12/2018;28/02/2020;;26/11/2025;09/09/1996;;;Curso Superior de Tecnologia em Análise e Desenvolvimento de Sistemas;TO;Solteiro;Branca;PS/Ampla Concorrência (Inativa);1.0;AraguaínaTO;1702109;0;Brasileira;AraguaínaTO;1702109;Graduação;100.0;1;;M;Concluído;Período Fechado;Pública;;;;Urbana;;;;;;;;;;;;1855.0;1419.0;29;1096;2192;436.0;Não;AC
287;2025;;2009.0;03/02/2020;2020;;;;31/12/2025;16/02/1991;;;Curso Superior de Tecnologia em Análise e Desenvolvimento de Sistemas;TO;Casado;Parda;SISU/Ampla concorrência;1.0;AraguaínaTO;1702109;0;Brasileira;AraguaínaTO;1702109;Graduação;0.0;1;;M;Cancelamento por Desligamento;Período Fechado;Pública;;;;Urbana;;;;;;;;;;;;;;34;1096;2192;;Não;AC
288;2027;;2016.0;14/01/2022;2022;;;;01/01/2026;20/03/1999;;;Curso Superior de Tecnologia em Análise e Desenvolvimento de Sistemas;TO;Solteiro;Parda;PS/Ampla Concorrência (Inativa);1.0;WanderlândiaTO;1722081;0;Brasileira;WanderlândiaTO;1722081;Graduação;0.0;1;;F;Cancelamento por Desligamento;Cancelamento por Desligamento;Privada;;;;Urbana;;;;;;;;;;;;;;26;1096;2192;;Não;AC
289;2027;;2024.0;03/02/2025;2025;;;;02/01/2026;06/03/1977;;;Curso Superior de Tecnologia em Análise e Desenvolvimento de Sistemas;TO;Solteiro;Preta;Processo Seletivo/LI_EP: Candidatos que, independentemente da renda, tenham cursado integralmente o ensino médio em escolas públicas;77.68;AraguaínaTO;1702109;0;Brasileira;AraguaínaTO;1702109;Graduação;15.0;1;0.89;M;Matriculado;Matriculado;Pública;;;;Urbana;Não;Sim;Sim;Sim;Não;Sim;Não;Não;Não;Sim;Sim;;;48;1096;2192;;Sim;LI_EP
222;2027;;1991.0;14/01/2022;2022;;;;27/10/2025;05/09/1974;;Deficiência Física;Curso Superior de Tecnologia em Análise e Desenvolvimento de Sistemas;TO;Casado;Parda;PS/Reingresso;66.38;AraguaínaTO;1702109;0;Brasileira;TeresinaPI;2211001;Graduação;66.0;2;1.06;M;Matriculado;Em Aberto;Privada;;;;Urbana;Não;Sim;Não;Sim;Não;Sim;Não;Não;Não;Sim;Sim;;;51;1096;2192;;Não;Reingresso
291;2022;;2009.0;02/03/2017;2017;;;;04/01/2026;19/06/1992;;;Curso Superior de Tecnologia em Análise e Desenvolvimento de Sistemas;TO;Solteiro;Parda;SISU/Ampla concorrência;1.0;AraguaínaTO;1702109;0;Brasileira;AraguaínaTO;1702109;Graduação;26.95;1;;F;Cancelamento por Desligamento;Período Fechado;Pública;;;;Urbana;;;;;;;;;;;;;;33;1096;2192;;Não;AC
87;2024;2024.0;2012.0;28/01/2019;2019;20/12/2022;01/11/2024;11/11/2024;14/06/2025;27/12/1997;;;Curso Superior de Tecnologia em Análise e Desenvolvimento de Sistemas;TO;Casado;Parda;Processo Seletivo/Escola pública, baixa renda (R4);79.23;AraguaínaTO;1702109;0;Brasileira;RiachãoMA;2109502;Graduação;100.0;1;2.27;M;Formado;Matrícula Vínculo Institucional;Pública;;;;Urbana;Não;Não;Não;Não;Não;Não;;Não;Não;Não;Não;2104.0;1422.0;27;1096;2192;682.0;Sim;R4
293;2022;;2015.0;02/03/2017;2017;;;;06/01/2026;09/12/1997;;;Curso Superior de Tecnologia em Análise e Desenvolvimento de Sistemas;TO;Solteiro;Parda;SISU/Ampla concorrência;1.0;AraguaínaTO;1702109;0;Brasileira;BrasíliaDF;5300108;Graduação;22.19;1;;F;Cancelamento por Desligamento;Período Fechado;Pública;;;;Urbana;;;;;;;;;;;;;;27;1096;2192;;Não;AC
131;2024;2023.0;2017.0;28/01/2019;2019;20/12/2022;30/03/2023;;28/07/2025;22/11/1999;;;Curso Superior de Tecnologia em Análise e Desenvolvimento de Sistemas;TO;Solteiro;Parda;SISU/Ampla concorrência;83.06;AraguaínaTO;1702109;0;Brasileira;AraguaínaTO;1702109;Graduação;100.0;1;;M;Formado;Matrícula Vínculo Institucional;Pública;;;;Urbana;Não;Não;Não;Não;Não;Não;;Não;Não;Não;Não;1522.0;1422.0;25;1096;2192;100.0;Não;AC
295;2027;;2016.0;14/01/2022;2022;;;;08/01/2026;29/07/1994;;;Curso Superior de Tecnologia em Análise e Desenvolvimento de Sistemas;TO;Solteiro;Parda;PS/Ampla Concorrência (Inativa);79.69;AraguaínaTO;1702109;0;Brasileira;AraguaínaTO;1702109;Graduação;39.69;1;;F;Cancelamento por Duplicidade;Cancelamento por Duplicidade;Pública;;;;Urbana;Não;Sim;Sim;;Não;Sim;;Não;Não;Sim;Sim;;;31;1096;2192;;Não;AC
296;2027;;2007.0;03/02/2025;2025;;;;09/01/2026;25/10/1989;;;Curso Superior de Tecnologia em Análise e Desenvolvimento de Sistemas;TO;Solteiro;Parda;Processo Seletivo/Ampla Concorrência (AC);29.31;AraguaínaTO;1702109;0;Brasileira;AraguaínaTO;1702109;Graduação;0.0;1;;F;Matriculado;Em Aberto;Pública;;;;Urbana;Não;Sim;Sim;Sim;Não;Sim;Não;Não;Não;Sim;Sim;;;35;1096;2192;;Não;AC
297;2020;;2014.0;30/01/2015;2015;;;;10/01/2026;10/10/1995;;;Curso Superior de Tecnologia em Análise e Desenvolvimento de Sistemas;TO;Solteiro;Parda;PS/Ampla Concorrência (Inativa);1.0;AraguaínaTO;1702109;0;Brasileira;AraguaínaTO;1702109;Graduação;0.0;1;;F;Cancelamento por Desligamento;Período Fechado;Pública;;;;Urbana;;;;;;;;;;;;;;30;1096;2192;;Não;AC
298;2027;;2012.0;14/01/2022;2022;;;;11/01/2026;22/12/1995;;;Curso Superior de Tecnologia em Análise e Desenvolvimento de Sistemas;TO;Solteiro;Parda;PS/Ampla Concorrência (Inativa);94.0;AraguaínaTO;1702109;0;Brasileira;AraguaínaTO;1702109;Graduação;3.09;1;;M;Cancelamento por Duplicidade;Cancelamento por Duplicidade;Pública;;;;Urbana;Não;Sim;Sim;;Não;Não;;Não;Não;Sim;Sim;;;29;1096;2192;;Não;AC
299;2021;;2008.0;23/03/2016;2016;;;;12/01/2026;02/05/1991;;;Curso Superior de Tecnologia em Análise e Desenvolvimento de Sistemas;TO;Solteiro;Branca;SISU/Ampla concorrência;59.8;AraguaínaTO;1702109;0;Brasileira;AraguaínaTO;1702109;Graduação;34.0;1;1.01;M;Cancelamento Compulsório;Cancelamento Compulsório;Pública;;;;Urbana;Não;Sim;Sim;;Não;Sim;;Não;Não;Sim;Sim;;;34;1096;2192;;Não;AC
300;2025;;;30/01/2023;2023;;;;13/01/2026;12/06/2003;;;Curso Superior de Tecnologia em Análise e Desenvolvimento de Sistemas;TO;Solteiro;Branca;Processo Seletivo/Ampla Concorrência (AC);77.79;AraguaínaTO;1702109;0;Brasileira;FortalezaCE;2304400;Graduação;46.0;1;1.13;M;Matriculado;Matriculado;Pública;;;;Urbana;Não;Sim;Sim;Sim;Não;Sim;Não;Não;Não;Sim;Sim;;;22;1096;2192;;Não;AC
350;2024;;2015.0;28/01/2019;2019;;;;04/03/2026;16/01/1989;;;Curso Superior de Tecnologia em Análise e Desenvolvimento de Sistemas;TO;Casado;Preta;SISU/Escola Pública, Preto, Pardo ou Indígena, baixa renda;1.0;AraguaínaTO;1702109;0;Brasileira;BalsasMA;2101400;Graduação;0.0;1;;M;Cancelamento por Desligamento;Período Fechado;Pública;;;;Urbana;;;;;;;;;;;;;;36;1096;2192;;Sim;LB_PPI
473;2022;;2012.0;02/03/2017;2017;12/07/2021;01/09/2022;;05/07/2026;12/06/1995;;;Curso Superior de Tecnologia em Análise e Desenvolvimento de Sistemas;TO;Solteiro;Preta;SISU/Ampla concorrência;1.0;AraguaínaTO;1702109;0;Brasileira;AraguaínaTO;1702109;Graduação;100.0;1;;M;Concluído;Período Fechado;Pública;;;;Urbana;;;;;;;;;;;;2009.0;1593.0;30;1096;2192;416.0;Não;AC
303;2021;;2015.0;23/03/2016;2016;;;;16/01/2026;28/04/1998;;;Curso Superior de Tecnologia em Análise e Desenvolvimento de Sistemas;TO;Solteiro;Não declarado;PS/Ampla Concorrência (Inativa);1.0;AraguaínaTO;1702109;0;Brasileira;AraguaínaTO;1702109;Graduação;79.33;1;;M;Cancelamento por Desligamento;Período Fechado;Pública;;;;Rural;;;;;;;;;;;;;;27;1096;2192;;Não;AC
304;2026;;2021.0;25/01/2024;2024;;;;17/01/2026;09/09/2002;;;Curso Superior de Tecnologia em Análise e Desenvolvimento de Sistemas;TO;Solteiro;Branca;Processo Seletivo/Ampla Concorrência (AC);74.14;AraguaínaTO;1702109;0;Brasileira;AraguaínaTO;1702109;Graduação;41.0;1;1.42;M;Matriculado;Matriculado;Pública;;;;Urbana;Não;Sim;Sim;Sim;Não;Sim;Não;Não;Não;Sim;Sim;;;23;1096;2192;;Não;AC
136;2024;2024.0;2018.0;28/01/2019;2019;18/10/2023;14/03/2024;10/09/2024;02/08/2025;23/09/2001;18/10/2023;;Curso Superior de Tecnologia em Análise e Desenvolvimento de Sistemas;TO;Solteiro;Preta;SISU/Ampla concorrência;84.99;AraguaínaTO;1702109;0;Brasileira;AraguaínaTO;1702109;Graduação;100.0;1;0.37;M;Formado;Período Fechado;Pública;;;;Urbana;Não;Não;Não;Não;Não;Não;;Não;Não;Não;Não;1872.0;1724.0;24;1096;2192;148.0;Não;AC
24;2021;;2001.0;23/03/2016;2016;18/01/2021;25/03/2021;;12/04/2025;04/11/1975;;;Curso Superior de Tecnologia em Análise e Desenvolvimento de Sistemas;TO;Solteiro;Parda;PS/Ampla Concorrência (Inativa);1.0;AraguaínaTO;1702109;0;Brasileira;Rio de JaneiroRJ;3304557;Graduação;100.0;1;;M;Concluído;Período Fechado;Pública;;;;Urbana;;;;;;;;;;;;1828.0;1762.0;49;1096;2192;66.0;Não;AC
247;2027;;2020.0;03/02/2025;2025;;;;21/11/2025;04/12/2002;;;Curso Superior de Tecnologia em Análise e Desenvolvimento de Sistemas;TO;Solteiro;Parda;PS/Reingresso;68.95;AraguaínaTO;1702109;0;Brasileira;Conceição do AraguaiaPA;1502707;Graduação;19.0;1;0.53;M;Matriculado;Matriculado;Privada;;;;Urbana;Não;Sim;Sim;Sim;Não;Sim;Não;Não;Não;Sim;Sim;;;22;1096;2192;;Não;Reingresso
251;2026;;2011.0;30/01/2023;2023;;;;25/11/2025;16/10/1989;;;Curso Superior de Tecnologia em Análise e Desenvolvimento de Sistemas;TO;Solteiro;Parda;PS/Reingresso;18.86;AraguaínaTO;1702109;0;Brasileira;AraguaínaTO;1702109;Graduação;6.0;2;0.8;M;Matriculado;Em Aberto;Pública;;;;Urbana;Não;Sim;Sim;Sim;Não;Sim;Não;Não;Não;Sim;Sim;;;35;1096;2192;;Não;Reingresso
307;2027;;2018.0;14/01/2022;2022;;;;20/01/2026;01/08/1995;;;Curso Superior de Tecnologia em Análise e Desenvolvimento de Sistemas;TO;Solteiro;Parda;PS/Reingresso;0.0;AraguaínaTO;1702109;0;Brasileira;Colinas do TocantinsTO;1705508;Graduação;0.0;2;;M;Cancelamento por Desligamento;Cancelamento por Desligamento;Pública;;;;Urbana;Não;Sim;Sim;;Não;Não;;Não;Não;Sim;Sim;;;30;1096;2192;;Não;Reingresso
353;2025;;2019.0;03/02/2020;2020;;;;07/03/2026;13/06/2002;;;Curso Superior de Tecnologia em Análise e Desenvolvimento de Sistemas;TO;Solteiro;Parda;SISU/Escola Pública, Preto, Pardo ou Indígena, baixa renda;1.0;AraguaínaTO;1702109;0;Brasileira;TocantinópolisTO;1721208;Graduação;9.48;1;;M;Cancelamento por Desligamento;Período Fechado;Pública;;;;Urbana;;;;;;;;;;;;;;23;1096;2192;;Sim;LB_PPI
354;2024;;2015.0;28/01/2019;2019;;;;08/03/2026;02/01/2001;;;Curso Superior de Tecnologia em Análise e Desenvolvimento de Sistemas;TO;Solteiro;Parda;SISU/Escola Pública, Preto, Pardo ou Indígena, baixa renda;1.0;AraguaínaTO;1702109;0;Brasileira;AraguaínaTO;1702109;Graduação;0.0;1;;M;Cancelamento por Desligamento;Período Fechado;Pública;;;;Urbana;;;;;;;;;;;;;;24;1096;2192;;Sim;LB_PPI
358;2026;;2014.0;30/01/2023;2023;;;;12/03/2026;26/04/1997;;;Curso Superior de Tecnologia em Análise e Desenvolvimento de Sistemas;TO;Solteiro;Parda;PS/Reingresso;51.4;AraguaínaTO;1702109;0;Brasileira;AraguaínaTO;1702109;Graduação;15.0;2;0.71;M;Trancado;Em Aberto;Pública;;;;Urbana;Não;Sim;Sim;Não;Não;Sim;;Não;Não;Sim;Sim;;;28;1096;2192;;Não;Reingresso
313;2027;;2017.0;14/01/2022;2022;;;;26/01/2026;06/12/2002;;;Curso Superior de Tecnologia em Análise e Desenvolvimento de Sistemas;TO;Solteiro;Branca;PS/Ampla Concorrência (Inativa);1.0;AraguaínaTO;1702109;0;Brasileira;AraguaínaTO;1702109;Graduação;0.0;1;;F;Cancelamento por Desligamento;Período Fechado;Pública;;;;Urbana;;;;;;;;;;;;;;22;1096;2192;;Não;AC
209;2023;2024.0;2017.0;01/02/2018;2018;20/12/2022;09/10/2024;23/10/2024;14/10/2025;22/04/2000;;;Curso Superior de Tecnologia em Análise e Desenvolvimento de Sistemas;TO;Casado;Parda;Processo Seletivo/Escola Pública, Preto, Pardo ou Indígena, baixa renda (R2);77.38;AraguaínaTO;1702109;62;Brasileira;AraguaínaTO;1702109;Graduação;100.0;1;3.31;M;Formado;Período Fechado;Pública;;;;Urbana;Não;Não;Não;Não;Não;Não;;Não;Não;Não;Não;2442.0;1783.0;25;1096;2192;659.0;Sim;R2
309;2023;2021.0;2014.0;01/02/2018;2018;20/12/2022;16/03/2023;;22/01/2026;23/04/2000;;;Curso Superior de Tecnologia em Análise e Desenvolvimento de Sistemas;TO;Solteiro;Parda;Processo Seletivo/Escola Pública, Preto, Pardo ou Indígena, baixa renda (R2);77.31;AraguaínaTO;1702109;0;Brasileira;AraguaínaTO;1702109;Graduação;100.0;1;;M;Formado;Período Fechado;Pública;;;;Urbana;Não;Não;Não;Não;Não;Não;;Não;Não;Não;Não;1869.0;1783.0;25;1096;2192;86.0;Sim;R2
458;2024;;2018.0;28/01/2019;2019;;;;20/06/2026;28/03/2001;;;Curso Superior de Tecnologia em Análise e Desenvolvimento de Sistemas;TO;Solteiro;Parda;SISU/Escola Pública, Preto, Pardo ou Indígena, baixa renda;74.06;AraguaínaTO;1702109;0;Brasileira;São Geraldo do AraguaiaPA;1507458;Graduação;67.6;1;;M;Cancelamento por Desligamento;Evasão;Pública;;;;Urbana;Não;Sim;Sim;;Não;Não;;Não;Não;Sim;Sim;;;24;1096;2192;;Sim;LB_PPI
466;2026;;2009.0;25/01/2024;2024;;;;28/06/2026;18/11/1988;;;Curso Superior de Tecnologia em Análise e Desenvolvimento de Sistemas;TO;Solteiro;Parda;PS/Reingresso;25.11;AraguaínaTO;1702109;0;Brasileira;FlorianoPI;2203909;Graduação;4.0;1;;M;Cancelamento por Desligamento;Cancelamento por Desligamento;Pública;;;;Urbana;Não;Sim;Sim;Não;Não;Sim;;Não;Não;Sim;Sim;;;36;1096;2192;;Não;Reingresso
318;2026;;2011.0;22/02/2021;2021;;;;31/01/2026;07/04/1992;;;Curso Superior de Tecnologia em Análise e Desenvolvimento de Sistemas;DF;Casado;Parda;PS/Ampla Concorrência (Inativa);1.0;BrasíliaDF;5300108;0;Brasileira;AraguaínaTO;1702109;Graduação;28.52;1;;M;Cancelamento por Desligamento;Cancelamento por Desligamento;Pública;;;;Urbana;;;;;;;;;;;;;;33;1096;2192;;Não;AC
319;2021;;2014.0;23/03/2016;2016;;;;01/02/2026;26/12/1997;;;Curso Superior de Tecnologia em Análise e Desenvolvimento de Sistemas;TO;Solteiro;Parda;SISU/Ampla concorrência;1.0;WanderlândiaTO;1722081;0;Brasileira;AraguaínaTO;1702109;Graduação;12.67;1;;M;Cancelamento por Desligamento;Período Fechado;Pública;;;;Urbana;;;;;;;;;;;;;;27;1096;2192;;Não;AC
149;2024;2024.0;2018.0;28/01/2019;2019;21/06/2024;09/10/2024;21/10/2024;15/08/2025;29/10/2000;21/06/2024;;Curso Superior de Tecnologia em Análise e Desenvolvimento de Sistemas;TO;Solteiro;Branca;PS/Ampla Concorrência (Inativa);84.28;AraguaínaTO;1702109;100;Brasileira;AraguaínaTO;1702109;Graduação;100.0;1;1.06;F;Formado;Período Fechado;Pública;;;;Urbana;Não;Não;Não;Não;Não;Não;;Não;Não;Não;Não;2081.0;1971.0;24;1096;2192;110.0;Não;AC
321;2026;;2014.0;22/02/2021;2021;;;;03/02/2026;04/04/1997;;;Curso Superior de Tecnologia em Análise e Desenvolvimento de Sistemas;TO;Solteiro;Parda;PS/Ampla Concorrência (Inativa);1.0;XambioáTO;1722107;0;Brasileira;XambioáTO;1722107;Graduação;6.33;1;;M;Cancelamento por Desligamento;Período Fechado;Pública;;;;Urbana;;;;;;;;;;;;;;28;1096;2192;;Não;AC
322;2026;;2023.0;25/01/2024;2024;;;;04/02/2026;15/12/2005;;;Curso Superior de Tecnologia em Análise e Desenvolvimento de Sistemas;TO;Solteiro;Parda;Processo Seletivo/Escola pública, baixa renda (R4);74.34;AraguaínaTO;1702109;0;Brasileira;NatalRN;2408102;Graduação;41.0;1;0.33;M;Matriculado;Matriculado;Pública;;;;Urbana;Não;Sim;Sim;Sim;Não;Sim;Não;Não;Não;Sim;Sim;;;19;1096;2192;;Sim;R4
323;2023;;2013.0;01/02/2018;2018;;;;05/02/2026;11/02/1996;;;Curso Superior de Tecnologia em Análise e Desenvolvimento de Sistemas;TO;Solteiro;Parda;PS/Ampla Concorrência (Inativa);1.0;AraguaínaTO;1702109;0;Brasileira;AraguaínaTO;1702109;Graduação;15.86;1;;M;Cancelamento por Desligamento;Período Fechado;Pública;;;;Urbana;;;;;;;;;;;;;;29;1096;2192;;Não;AC
81;2022;2023.0;2009.0;02/03/2017;2017;20/12/2022;30/03/2023;;08/06/2025;03/08/1987;;;Curso Superior de Tecnologia em Análise e Desenvolvimento de Sistemas;TO;Solteiro;Parda;SISU/Ampla concorrência;77.95;AraguaínaTO;1702109;0;Brasileira;TucuruíPA;1508100;Graduação;100.0;1;;M;Formado;Matrícula Vínculo Institucional;Privada;;;;Urbana;Não;Não;Não;Não;Não;Não;;Não;Não;Não;Não;2219.0;2119.0;38;1096;2192;100.0;Não;AC
325;2026;;2022.0;25/01/2024;2024;;;;07/02/2026;21/05/2005;;;Curso Superior de Tecnologia em Análise e Desenvolvimento de Sistemas;TO;Solteiro;Parda;Processo Seletivo/Ampla Concorrência (AC);86.45;AraguaínaTO;1702109;0;Brasileira;AraguaínaTO;1702109;Graduação;46.0;1;0.89;M;Matriculado;Matriculado;Pública;;;;Urbana;Não;Sim;Sim;Sim;Não;Sim;Não;Não;Não;Sim;Sim;;;20;1096;2192;;Não;AC
326;2024;;2018.0;28/01/2019;2019;;;;08/02/2026;11/07/2001;;;Curso Superior de Tecnologia em Análise e Desenvolvimento de Sistemas;TO;Solteiro;Branca;SISU/Ampla concorrência;1.0;AraguaínaTO;1702109;0;Brasileira;GurupiTO;1709500;Graduação;0.0;1;;M;Cancelamento por Desligamento;Período Fechado;Pública;;;;Urbana;;;;;;;;;;;;;;24;1096;2192;;Não;AC
327;2026;;2015.0;25/01/2024;2024;;;;09/02/2026;13/04/1998;;;Curso Superior de Tecnologia em Análise e Desenvolvimento de Sistemas;TO;Solteiro;Parda;Processo Seletivo/Escola Pública, Preto, Pardo ou Indígena, baixa renda (R2);72.98;AraguaínaTO;1702109;0;Brasileira;AraguaínaTO;1702109;Graduação;12.0;1;0.37;M;Trancado;Em Aberto;Pública;;;;Urbana;Não;Sim;Sim;Não;Não;Sim;;Não;Não;Sim;Sim;;;27;1096;2192;;Sim;R2
328;2026;;2022.0;25/01/2024;2024;;;;10/02/2026;14/12/2004;;;Curso Superior de Tecnologia em Análise e Desenvolvimento de Sistemas;TO;Solteiro;Parda;Processo Seletivo/Escola Pública, Preto, Pardo ou Indígena, baixa renda (R2);75.07;São Bento do TocantinsTO;1720101;0;Brasileira;AugustinópolisTO;1702554;Graduação;38.0;1;0.42;M;Matriculado;Matriculado;Pública;Estadual;Ônibus;;Urbana;Não;Sim;Sim;Sim;Não;Sim;Não;Não;Não;Sim;Sim;;;20;1096;2192;;Sim;R2
329;2024;;2015.0;28/01/2019;2019;;;;11/02/2026;02/04/2001;;;Curso Superior de Tecnologia em Análise e Desenvolvimento de Sistemas;TO;Solteiro;Parda;SISU/Ampla concorrência;1.0;AraguaínaTO;1702109;0;Brasileira;PalmasTO;1721000;Graduação;0.0;1;;M;Cancelamento por Desligamento;Período Fechado;Pública;;;;Urbana;;;;;;;;;;;;;;24;1096;2192;;Não;AC
330;2025;;2022.0;30/01/2023;2023;;;;12/02/2026;18/04/2004;;;Curso Superior de Tecnologia em Análise e Desenvolvimento de Sistemas;TO;Solteiro;Parda;Processo Seletivo/Escola Pública, Preto, Pardo ou Indígena, baixa renda (R2);80.42;AraguaínaTO;1702109;0;Brasileira;NazaréTO;1714302;Graduação;66.0;1;0.37;M;Matriculado;Matriculado;Pública;;;;Urbana;Não;Sim;Sim;Sim;Não;Sim;Não;Não;Não;Sim;Sim;;;21;1096;2192;;Sim;R2
331;2023;;2005.0;01/02/2018;2018;;;;13/02/2026;20/11/1986;;;Curso Superior de Tecnologia em Análise e Desenvolvimento de Sistemas;TO;Divorciado;Parda;PS/Ampla Concorrência (Inativa);1.0;AraguaínaTO;1702109;0;Brasileira;AraguaínaTO;1702109;Graduação;4.76;1;;M;Cancelamento por Desligamento;Período Fechado;Pública;;;;Urbana;;;;;;;;;;;;;;38;1096;2192;;Não;AC
42;2020;;2004.0;30/01/2015;2015;18/01/2021;25/03/2021;;30/04/2025;11/04/1986;;;Curso Superior de Tecnologia em Análise e Desenvolvimento de Sistemas;TO;Casado;Parda;PS/Ampla Concorrência (Inativa);1.0;AraguaínaTO;1702109;0;Brasileira;TucuruíPA;1508100;Graduação;100.0;1;;M;Concluído;Período Fechado;Pública;;;;Urbana;;;;;;;;;;;;2246.0;2180.0;39;1096;2192;66.0;Não;AC
333;2025;;2015.0;03/02/2020;2020;;;;15/02/2026;05/08/2001;;;Curso Superior de Tecnologia em Análise e Desenvolvimento de Sistemas;TO;Solteiro;Parda;Processo Seletivo/Escola Pública, Preto, Pardo ou Indígena, baixa renda (R2);1.0;AraguaínaTO;1702109;0;Brasileira;São Domingos do MaranhãoMA;2110708;Graduação;0.0;1;;F;Cancelamento por Desligamento;Período Fechado;Pública;;;;Urbana;;;;;;;;;;;;;;24;1096;2192;;Sim;R2
91;2020;;2001.0;30/01/2015;2015;18/01/2021;25/03/2021;;18/06/2025;18/12/1982;;;Curso Superior de Tecnologia em Análise e Desenvolvimento de Sistemas;TO;Casado;Parda;Processo Seletivo/Escola Pública, Preto, Pardo ou Indígena, baixa renda (R2);1.0;AraguanãTO;1702158;0;Brasileira;AraguaínaTO;1702109;Graduação;100.0;1;;M;Concluído;Período Fechado;Pública;;;;Urbana;;;;;;;;;;;;2246.0;2180.0;42;1096;2192;66.0;Sim;R2
335;2023;;2016.0;01/02/2018;2018;;;;17/02/2026;27/03/1999;;;Curso Superior de Tecnologia em Análise e Desenvolvimento de Sistemas;TO;Solteiro;Parda;Processo Seletivo/Escola pública, independente de renda (R8);1.0;AragominasTO;1701309;0;Brasileira;AraguaínaTO;1702109;Graduação;47.57;1;;M;Cancelamento por Desligamento;Período Fechado;Pública;;;;Rural;;;;;;;;;;;;;;26;1096;2192;;Sim;R8
336;2027;;2019.0;14/01/2022;2022;;;;18/02/2026;15/05/2002;;;Curso Superior de Tecnologia em Análise e Desenvolvimento de Sistemas;TO;Solteiro;Parda;PS/Ampla Concorrência (Inativa);31.0;WanderlândiaTO;1722081;0;Brasileira;AraguaínaTO;1702109;Graduação;18.0;1;0.73;M;Cancelamento por Desligamento;Cancelamento por Desligamento;Pública;;;;Urbana;Não;Sim;Sim;Sim;Não;Sim;Não;Não;Não;Sim;Sim;;;23;1096;2192;;Não;AC
337;2022;;2016.0;02/03/2017;2017;;;;19/02/2026;27/12/1999;;;Curso Superior de Tecnologia em Análise e Desenvolvimento de Sistemas;TO;Solteiro;Parda;PS/Ampla Concorrência (Inativa);1.0;CarmolândiaTO;1703883;0;Brasileira;BelémPA;1501402;Graduação;95.24;1;;M;Cancelamento por Desligamento;Período Fechado;Pública;;;;Urbana;;;;;;;;;;;;;;25;1096;2192;;Não;AC
338;2026;;2023.0;25/01/2024;2024;;;;20/02/2026;31/03/2005;;;Curso Superior de Tecnologia em Análise e Desenvolvimento de Sistemas;TO;Solteiro;Branca;Processo Seletivo/Ampla Concorrência (AC);73.42;AraguaínaTO;1702109;0;Brasileira;AraguaínaTO;1702109;Graduação;41.0;1;0.34;M;Matriculado;Matriculado;Pública;;;;Urbana;Não;Sim;Sim;Sim;Não;Sim;Não;Não;Não;Sim;Sim;;;20;1096;2192;;Não;AC
339;2021;;2016.0;23/03/2016;2016;;;;21/02/2026;28/12/1996;;;Curso Superior de Tecnologia em Análise e Desenvolvimento de Sistemas;TO;Solteiro;Parda;SISU/Ampla concorrência;1.0;AraguaínaTO;1702109;0;Brasileira;AraguaínaTO;1702109;Graduação;0.0;1;;M;Cancelamento por Desligamento;Período Fechado;Pública;;;;Urbana;;;;;;;;;;;;;;28;1096;2192;;Não;AC
340;2024;;2014.0;28/01/2019;2019;;;;22/02/2026;16/12/1997;;;Curso Superior de Tecnologia em Análise e Desenvolvimento de Sistemas;PA;Solteiro;Parda;PS/Ampla Concorrência (Inativa);1.0;Conceição do AraguaiaPA;1502707;0;Brasileira;RedençãoPA;1506138;Graduação;6.33;1;;M;Cancelamento por Desligamento;Período Fechado;Pública;;;;Urbana;;;;;;;;;;;;;;27;1096;2192;;Não;AC
341;2026;;2020.0;22/02/2021;2021;;;;23/02/2026;23/08/2002;;;Curso Superior de Tecnologia em Análise e Desenvolvimento de Sistemas;TO;Solteiro;Preta;Processo Seletivo/Escola pública, independente de renda (R8);89.31;AraguaínaTO;1702109;0;Brasileira;AraguaínaTO;1702109;Graduação;92.0;1;1.18;M;Matrícula Vínculo Institucional;Em Aberto;Pública;;;;Urbana;Não;Sim;Sim;Sim;Não;Sim;Não;Não;Não;Não;Não;;;23;1096;2192;;Sim;R8
211;2020;;2009.0;30/01/2015;2015;18/01/2021;25/03/2021;;16/10/2025;10/08/1993;;;Curso Superior de Tecnologia em Análise e Desenvolvimento de Sistemas;TO;Casado;Parda;PS/Ampla Concorrência (Inativa);1.0;AraguaínaTO;1702109;0;Brasileira;AraguatinsTO;1702208;Graduação;100.0;1;;M;Concluído;Período Fechado;Pública;;;;Urbana;;;;;;;;;;;;2246.0;2180.0;32;1096;2192;66.0;Não;AC
343;2021;;2015.0;23/03/2016;2016;;;;25/02/2026;09/08/1998;;;Curso Superior de Tecnologia em Análise e Desenvolvimento de Sistemas;TO;Solteiro;Branca;PS/Ampla Concorrência (Inativa);1.0;AraguaínaTO;1702109;0;Brasileira;AraguaínaTO;1702109;Graduação;17.38;1;;F;Cancelamento por Desligamento;Período Fechado;Pública;;;;Urbana;;;;;;;;;;;;;;27;1096;2192;;Não;AC
344;2021;;2013.0;23/03/2016;2016;;;;26/02/2026;11/12/1995;;;Curso Superior de Tecnologia em Análise e Desenvolvimento de Sistemas;TO;Solteiro;Amarela;PS/Ampla Concorrência (Inativa);1.0;AraguaínaTO;1702109;0;Brasileira;AraguaínaTO;1702109;Graduação;12.67;1;;F;Cancelamento por Desligamento;Período Fechado;Pública;;;;Rural;;;;;;;;;;;;;;29;1096;2192;;Não;AC
345;2026;;2019.0;25/01/2024;2024;;;;27/02/2026;18/03/2002;;;Curso Superior de Tecnologia em Análise e Desenvolvimento de Sistemas;TO;Solteiro;Parda;Processo Seletivo/Ampla Concorrência (AC);76.9;AraguaínaTO;1702109;0;Brasileira;PalmasTO;1721000;Graduação;14.0;1;1.24;F;Trancado;Em Aberto;Pública;;;;Urbana;Não;Sim;Sim;Não;Não;Sim;;Não;Não;Sim;Sim;;;23;1096;2192;;Não;AC
346;2025;;2019.0;03/02/2020;2020;;;;28/02/2026;20/02/2002;;;Curso Superior de Tecnologia em Análise e Desenvolvimento de Sistemas;MA;Solteiro;Parda;PS/Ampla Concorrência (Inativa);83.22;CarolinaMA;2102804;0;Brasileira;CarolinaMA;2102804;Graduação;87.0;1;0.21;F;Matriculado;Matriculado;Pública;Municipal;Ônibus;;Urbana;Não;Sim;Sim;Sim;Não;Sim;Não;Não;Não;Sim;Sim;;;23;1096;2192;;Não;AC
347;2027;;2023.0;03/02/2025;2025;;;;01/03/2026;21/03/2006;;;Curso Superior de Tecnologia em Análise e Desenvolvimento de Sistemas;TO;Solteiro;Parda;Processo Seletivo/Ampla Concorrência (AC);82.83;AraguaínaTO;1702109;0;Brasileira;AraguaínaTO;1702109;Graduação;15.0;1;0.97;F;Matriculado;Matriculado;Pública;;;;Urbana;Não;Sim;Sim;Sim;Não;Sim;Não;Não;Não;Sim;Sim;;;19;1096;2192;;Não;AC
348;2021;;2008.0;23/03/2016;2016;;;;02/03/2026;24/11/1991;;;Curso Superior de Tecnologia em Análise e Desenvolvimento de Sistemas;TO;Solteiro;Parda;SISU/Ampla concorrência;1.0;AraguaínaTO;1702109;0;Brasileira;AraguaínaTO;1702109;Graduação;0.0;1;;F;Cancelamento por Desligamento;Período Fechado;Pública;;;;Urbana;;;;;;;;;;;;;;33;1096;2192;;Não;AC
349;2020;;2009.0;30/01/2015;2015;;;;03/03/2026;28/08/1989;;;Curso Superior de Tecnologia em Análise e Desenvolvimento de Sistemas;TO;Solteiro;Branca;PS/Ampla Concorrência (Inativa);1.0;AraguaínaTO;1702109;0;Brasileira;AraguaínaTO;1702109;Graduação;33.29;1;;F;Cancelamento por Desligamento;Período Fechado;Pública;;;;Urbana;;;;;;;;;;;;;;36;1096;2192;;Não;AC
474;2025;;2019.0;03/02/2020;2020;;;;06/07/2026;13/01/2002;;;Curso Superior de Tecnologia em Análise e Desenvolvimento de Sistemas;TO;Solteiro;Parda;SISU/Escola Pública, Preto, Pardo ou Indígena, baixa renda;1.0;AraguaínaTO;1702109;0;Brasileira;AraguaínaTO;1702109;Graduação;0.0;1;;F;Cancelamento por Desligamento;Período Fechado;Pública;;;;Urbana;;;;;;;;;;;;;;23;1096;2192;;Sim;LB_PPI
351;2024;;2017.0;28/01/2019;2019;;;;05/03/2026;07/06/2000;;;Curso Superior de Tecnologia em Análise e Desenvolvimento de Sistemas;TO;Solteiro;Preta;Processo Seletivo/Escola Pública, Preto, Pardo ou Indígena, baixa renda (R2);1.0;AraguaínaTO;1702109;0;Brasileira;Graça AranhaMA;2104701;Graduação;15.86;1;;M;Cancelamento por Desligamento;Período Fechado;Pública;;;;Urbana;;;;;;;;;;;;;;25;1096;2192;;Sim;R2
476;2027;;2012.0;14/01/2022;2022;;;;08/07/2026;06/04/1995;;;Curso Superior de Tecnologia em Análise e Desenvolvimento de Sistemas;TO;Solteiro;Parda;PS/Reingresso;0.0;AraguaínaTO;1702109;0;Brasileira;AraguaínaTO;1702109;Graduação;0.0;2;;M;Cancelamento por Desligamento;Cancelamento por Desligamento;Pública;;;;Urbana;Não;Sim;Sim;;Não;Não;;Não;Não;Sim;Sim;;;30;1096;2192;;Não;Reingresso
429;2025;2023.0;2017.0;03/02/2020;2020;20/12/2022;30/03/2023;;22/05/2026;11/06/2001;;;Curso Superior de Tecnologia em Análise e Desenvolvimento de Sistemas;TO;Solteiro;Preta;SISU/Escola Pública, Preto, Pardo ou Indígena, independente de renda;82.37;AraguaínaTO;1702109;0;Brasileira;AraguaínaTO;1702109;Graduação;100.0;1;;M;Formado;Matrícula Vínculo Institucional;Pública;;;;Urbana;Não;Não;Não;Não;Não;Não;;Não;Não;Não;Não;1151.0;1051.0;24;1096;2192;100.0;Sim;LI_PPI
161;2023;;2017.0;01/02/2018;2018;18/01/2021;25/03/2021;;27/08/2025;13/10/2000;;;Curso Superior de Tecnologia em Análise e Desenvolvimento de Sistemas;TO;Solteiro;Preta;SISU/Escola Pública, Preto, Pardo ou Indígena, independente de renda;1.0;AraguaínaTO;1702109;0;Brasileira;AraguaínaTO;1702109;Graduação;100.0;1;;M;Concluído;Período Fechado;Pública;;;;Urbana;;;;;;;;;;;;1148.0;1082.0;25;1096;2192;66.0;Sim;LI_PPI
55;2025;;2017.0;30/01/2023;2023;;;;13/05/2025;15/07/2000;;;Curso Superior de Tecnologia em Análise e Desenvolvimento de Sistemas;TO;Solteiro;Parda;PS/Transferência Externa;86.26;AraguaínaTO;1702109;0;Brasileira;TocantinópolisTO;1721208;Graduação;80.0;1;1.42;M;Matriculado;Matriculado;Pública;Municipal;Ônibus;;Urbana;Não;Sim;Sim;Sim;Não;Sim;Não;Não;Não;Sim;Sim;;;25;1096;2192;;Não;Trans_Ex
356;2023;;2016.0;01/02/2018;2018;;;;10/03/2026;01/09/1998;;;Curso Superior de Tecnologia em Análise e Desenvolvimento de Sistemas;TO;Solteiro;Branca;SISU/Ampla concorrência;1.0;AraguaínaTO;1702109;0;Brasileira;AraguaínaTO;1702109;Graduação;20.57;1;;M;Cancelamento por Desligamento;Período Fechado;Pública;;;;Urbana;;;;;;;;;;;;;;27;1096;2192;;Não;AC
357;2021;;2013.0;23/03/2016;2016;;;;11/03/2026;12/10/1996;;;Curso Superior de Tecnologia em Análise e Desenvolvimento de Sistemas;TO;Solteiro;Parda;SISU/Ampla concorrência;1.0;AraguaínaTO;1702109;0;Brasileira;AraguaínaTO;1702109;Graduação;23.71;1;;F;Cancelamento por Desligamento;Período Fechado;Pública;;;;Urbana;;;;;;;;;;;;;;29;1096;2192;;Não;AC
212;2024;;1988.0;28/01/2019;2019;;;;17/10/2025;17/10/1968;;;Curso Superior de Tecnologia em Análise e Desenvolvimento de Sistemas;TO;Casado;Parda;PS/Transferência Externa;1.0;AraguaínaTO;1702109;0;Brasileira;AraguaínaTO;1702109;Graduação;4.71;1;;M;Cancelamento por Desligamento;Período Fechado;Privada;;;;Urbana;;;;;;;;;;;;;;56;1096;2192;;Não;Trans_Ex
359;2026;;2014.0;22/02/2021;2021;;;;13/03/2026;26/04/1997;;;Curso Superior de Tecnologia em Análise e Desenvolvimento de Sistemas;TO;Solteiro;Amarela;PS/Ampla Concorrência (Inativa);1.0;AraguaínaTO;1702109;0;Brasileira;AraguaínaTO;1702109;Graduação;4.76;1;;M;Cancelamento por Desligamento;Período Fechado;Pública;;;;Urbana;;;;;;;;;;;;;;28;1096;2192;;Não;AC
360;2025;;2020.0;30/01/2023;2023;;;;14/03/2026;01/07/2002;;;Curso Superior de Tecnologia em Análise e Desenvolvimento de Sistemas;TO;Solteiro;Parda;Processo Seletivo/Ampla Concorrência (AC);66.82;AraguaínaTO;1702109;0;Brasileira;SantosSP;3548500;Graduação;46.0;1;2.83;M;Matriculado;Matriculado;Pública;;;;Urbana;Não;Sim;Sim;Sim;Não;Sim;Não;Não;Não;Sim;Sim;;;23;1096;2192;;Não;AC
361;2026;;2017.0;22/02/2021;2021;;;;15/03/2026;23/08/2002;;;Curso Superior de Tecnologia em Análise e Desenvolvimento de Sistemas;TO;Solteiro;Preta;Processo Seletivo/Escola pública, independente de renda (R8);89.89;AraguaínaTO;1702109;0;Brasileira;AraguaínaTO;1702109;Graduação;92.0;1;1.59;M;Matrícula Vínculo Institucional;Em Aberto;Pública;;;;Urbana;Não;Sim;Sim;Sim;Não;Sim;Não;Não;Não;Não;Não;;;23;1096;2192;;Sim;R8
412;2023;;2016.0;01/02/2018;2018;17/12/2021;11/03/2022;;05/05/2026;01/08/2000;;;Curso Superior de Tecnologia em Análise e Desenvolvimento de Sistemas;TO;Solteiro;Parda;PS/Transferência Externa;1.0;AraguaínaTO;1702109;0;Brasileira;AraguaínaTO;1702109;Graduação;100.0;2;;M;Concluído;Período Fechado;Pública;;;;Urbana;;;;;;;;;;;;1499.0;1415.0;25;1096;2192;84.0;Não;Trans_Ex
363;2022;;2005.0;02/03/2017;2017;;;;17/03/2026;17/06/1987;;;Curso Superior de Tecnologia em Análise e Desenvolvimento de Sistemas;TO;Casado;Branca;PS/Ampla Concorrência (Inativa);1.0;AraguaínaTO;1702109;0;Brasileira;AraguaínaTO;1702109;Graduação;14.24;1;;M;Cancelamento por Desligamento;Período Fechado;Pública;;;;Urbana;;;;;;;;;;;;;;38;1096;2192;;Não;AC
364;2020;;2012.0;30/01/2015;2015;;;;18/03/2026;08/09/1994;;;Curso Superior de Tecnologia em Análise e Desenvolvimento de Sistemas;TO;Solteiro;Branca;PS/Ampla Concorrência (Inativa);1.0;AraguaínaTO;1702109;0;Brasileira;AraguaínaTO;1702109;Graduação;79.33;1;;M;Cancelamento por Desligamento;Período Fechado;Pública;;;;Urbana;;;;;;;;;;;;;;31;1096;2192;;Não;AC
279;2027;;2021.0;14/01/2022;2022;;;;23/12/2025;24/04/2004;;;Curso Superior de Tecnologia em Análise e Desenvolvimento de Sistemas;TO;Solteiro;Parda;PS/Transferência Externa;82.83;AraguaínaTO;1702109;0;Brasileira;AraguaínaTO;1702109;Graduação;86.0;2;0.25;M;Matriculado;Matriculado;Pública;;;;Urbana;Não;Sim;Sim;Sim;Não;Sim;Não;Não;Não;Sim;Sim;;;21;1096;2192;;Não;Trans_Ex
366;2020;;2000.0;30/01/2015;2015;;;;20/03/2026;02/02/1982;;;Curso Superior de Tecnologia em Análise e Desenvolvimento de Sistemas;TO;Casado;Parda;PS/Ampla Concorrência (Inativa);1.0;AraguaínaTO;1702109;0;Brasileira;AraguaínaTO;1702109;Graduação;50.76;1;;M;Cancelamento por Desligamento;Período Fechado;Pública;;;;Urbana;;;;;;;;;;;;;;43;1096;2192;;Não;AC
194;2021;;2007.0;23/03/2016;2016;18/01/2021;25/03/2021;;29/09/2025;11/09/1991;;;Curso Superior de Tecnologia em Análise e Desenvolvimento de Sistemas;TO;Casado;Parda;PS/Transferência Externa;1.0;AraguaínaTO;1702109;0;Brasileira;AraguaínaTO;1702109;Graduação;100.0;1;;M;Concluído;Período Fechado;Pública;;;;Urbana;;;;;;;;;;;;1828.0;1762.0;34;1096;2192;66.0;Não;Trans_Ex
368;2024;;2018.0;28/01/2019;2019;;;;22/03/2026;05/02/2001;;;Curso Superior de Tecnologia em Análise e Desenvolvimento de Sistemas;TO;Solteiro;Parda;SISU/Ampla concorrência;1.0;AraguaínaTO;1702109;0;Brasileira;ParauapebasPA;1505536;Graduação;15.86;1;;M;Cancelamento por Desligamento;Período Fechado;Privada;;;;Urbana;;;;;;;;;;;;;;24;1096;2192;;Não;AC
369;2022;;1985.0;02/03/2017;2017;;;;23/03/2026;03/01/1967;;;Curso Superior de Tecnologia em Análise e Desenvolvimento de Sistemas;TO;Casado;Branca;PS/Ampla Concorrência (Inativa);1.0;AraguaínaTO;1702109;0;Brasileira;AraguaínaTO;1702109;Graduação;31.67;1;;M;Cancelamento por Desligamento;Período Fechado;Pública;;;;Urbana;;;;;;;;;;;;;;58;1096;2192;;Não;AC
370;2027;;2018.0;14/01/2022;2022;;;;24/03/2026;07/09/2003;;;Curso Superior de Tecnologia em Análise e Desenvolvimento de Sistemas;TO;Solteiro;Parda;PS/Ampla Concorrência (Inativa);87.47;AraguaínaTO;1702109;0;Brasileira;AraguaínaTO;1702109;Graduação;87.0;1;1.24;F;Matriculado;Matriculado;Pública;;;;Urbana;Não;Sim;Sim;Sim;Não;Sim;Não;Não;Não;Sim;Sim;;;22;1096;2192;;Não;AC
371;2023;;2016.0;01/02/2018;2018;;;;25/03/2026;19/02/1999;;;Curso Superior de Tecnologia em Análise e Desenvolvimento de Sistemas;TO;Solteiro;Branca;SISU/Ampla concorrência;1.0;AraguaínaTO;1702109;0;Brasileira;AraguaínaTO;1702109;Graduação;0.0;1;;M;Cancelamento por Desligamento;Período Fechado;Privada;;;;Urbana;;;;;;;;;;;;;;26;1096;2192;;Não;AC
372;2026;;2020.0;22/02/2021;2021;;;;26/03/2026;13/08/2002;;;Curso Superior de Tecnologia em Análise e Desenvolvimento de Sistemas;TO;Solteiro;Branca;Processo Seletivo/Escola pública, baixa renda (R4);79.13;AraguaínaTO;1702109;0;Brasileira;AraguaínaTO;1702109;Graduação;60.0;1;0.34;M;Matriculado;Em Aberto;Pública;;;;Urbana;Não;Sim;Sim;Sim;Não;Sim;Não;Não;Não;Sim;Sim;;;23;1096;2192;;Sim;R4
373;2025;;;30/01/2023;2023;;;;27/03/2026;06/08/2001;;;Curso Superior de Tecnologia em Análise e Desenvolvimento de Sistemas;TO;Solteiro;Preta;Processo Seletivo/Escola Pública, Preto, Pardo ou Indígena, baixa renda (R2);68.59;AraguaínaTO;1702109;0;Brasileira;BrasíliaDF;5300108;Graduação;44.0;1;0.5;M;Matriculado;Matriculado;Pública;;;;Urbana;Não;Sim;Sim;Sim;Não;Sim;Não;Não;Não;Sim;Sim;;;24;1096;2192;;Sim;R2
374;2026;;2020.0;22/02/2021;2021;;;;28/03/2026;05/03/2003;;;Curso Superior de Tecnologia em Análise e Desenvolvimento de Sistemas;TO;Solteiro;Branca;PS/Ampla Concorrência (Inativa);85.21;AraguaínaTO;1702109;0;Brasileira;NazaréTO;1714302;Graduação;92.0;1;0.0;M;Matriculado;Em Aberto;Pública;;;;Urbana;Não;Sim;Sim;Sim;Não;Sim;Não;Não;Não;Não;Não;;;22;1096;2192;;Não;AC
238;2020;;2011.0;30/01/2015;2015;18/01/2021;25/03/2021;;12/11/2025;19/07/1994;;;Curso Superior de Tecnologia em Análise e Desenvolvimento de Sistemas;TO;Solteiro;Parda;PS/Ampla Concorrência (Inativa);1.0;AraguaínaTO;1702109;0;Brasileira;Lago da PedraMA;2105708;Graduação;100.0;1;;M;Concluído;Período Fechado;Pública;;;;Urbana;;;;;;;;;;;;2246.0;2180.0;31;1096;2192;66.0;Não;AC
376;2027;;2012.0;03/02/2025;2025;;;;30/03/2026;05/10/1994;;;Curso Superior de Tecnologia em Análise e Desenvolvimento de Sistemas;TO;Solteiro;Parda;Processo Seletivo/LI_EP: Candidatos que, independentemente da renda, tenham cursado integralmente o ensino médio em escolas públicas;61.83;AraguaínaTO;1702109;0;Brasileira;São PauloSP;3550308;Graduação;12.0;1;1.2;M;Matriculado;Matriculado;Pública;;;;Urbana;Não;Sim;Sim;Sim;Não;Sim;Não;Não;Não;Sim;Sim;;;31;1096;2192;;Sim;LI_EP
377;2027;;2021.0;03/02/2025;2025;;;;31/03/2026;05/06/2004;;;Curso Superior de Tecnologia em Análise e Desenvolvimento de Sistemas;TO;Solteiro;Branca;Processo Seletivo/Ampla Concorrência (AC);82.54;AragominasTO;1701309;0;Brasileira;AraguaínaTO;1702109;Graduação;15.0;1;2.36;M;Matriculado;Matriculado;Pública;Municipal;Ônibus;;Urbana;Não;Sim;Sim;Sim;Não;Sim;Não;Não;Não;Sim;Sim;;;21;1096;2192;;Não;AC
122;2025;;2019.0;03/02/2020;2020;;;;19/07/2025;28/10/2001;;;Curso Superior de Tecnologia em Análise e Desenvolvimento de Sistemas;TO;Solteiro;Preta;SISU/Escola Pública, Preto, Pardo ou Indígena, independente de renda;1.0;AraguaínaTO;1702109;0;Brasileira;AraguaínaTO;1702109;Graduação;1.57;1;;M;Cancelamento por Desligamento;Período Fechado;Pública;;;;Urbana;;;;;;;;;;;;;;23;1096;2192;;Sim;LI_PPI
379;2021;;2015.0;23/03/2016;2016;;;;02/04/2026;07/09/1998;;;Curso Superior de Tecnologia em Análise e Desenvolvimento de Sistemas;TO;Solteiro;Parda;PS/Ampla Concorrência (Inativa);1.0;AraguaínaTO;1702109;0;Brasileira;AraguaínaTO;1702109;Graduação;23.71;1;;F;Cancelamento por Desligamento;Período Fechado;Pública;;;;Rural;;;;;;;;;;;;;;27;1096;2192;;Não;AC
380;2026;;2011.0;25/01/2024;2024;;;;03/04/2026;22/10/1994;;;Curso Superior de Tecnologia em Análise e Desenvolvimento de Sistemas;TO;Solteiro;Branca;Processo Seletivo/Ampla Concorrência (AC);44.87;AraguaínaTO;1702109;0;Brasileira;AraguaínaTO;1702109;Graduação;7.0;1;0.46;M;Matriculado;Matriculado;Pública;;;;Urbana;Não;Sim;Sim;Sim;Não;Sim;Não;Não;Não;Sim;Sim;;;30;1096;2192;;Não;AC
381;2024;;2017.0;28/01/2019;2019;;;;04/04/2026;17/03/2001;;;Curso Superior de Tecnologia em Análise e Desenvolvimento de Sistemas;TO;Solteiro;Parda;PS/Ampla Concorrência (Inativa);1.0;AraguaínaTO;1702109;0;Brasileira;AraguaínaTO;1702109;Graduação;0.0;1;;F;Cancelamento por Desligamento;Período Fechado;Pública;;;;Urbana;;;;;;;;;;;;;;24;1096;2192;;Não;AC
382;2025;;;30/01/2023;2023;;;;05/04/2026;18/09/2004;;;Curso Superior de Tecnologia em Análise e Desenvolvimento de Sistemas;TO;Solteiro;Parda;Processo Seletivo/Escola pública, baixa renda (R4);0.0;AraguaínaTO;1702109;0;Brasileira;AraguaínaTO;1702109;Graduação;0.0;1;1.07;F;Cancelado;Cancelada;Pública;;;;Urbana;;;;;;;;;;;;;;21;1096;2192;;Sim;R4
383;2026;;2023.0;25/01/2024;2024;;;;06/04/2026;04/08/2006;;;Curso Superior de Tecnologia em Análise e Desenvolvimento de Sistemas;TO;Solteiro;Branca;Processo Seletivo/Ampla Concorrência (AC);76.6;AraguaínaTO;1702109;0;Brasileira;AraguaínaTO;1702109;Graduação;41.0;1;1.42;M;Matriculado;Matriculado;Pública;;;;Urbana;Não;Sim;Sim;Sim;Não;Sim;Não;Não;Não;Sim;Sim;;;19;1096;2192;;Não;AC
384;2020;;2013.0;30/01/2015;2015;;;;07/04/2026;01/11/1996;;;Curso Superior de Tecnologia em Análise e Desenvolvimento de Sistemas;TO;Solteiro;Parda;PS/Ampla Concorrência (Inativa);1.0;AraguaínaTO;1702109;0;Brasileira;AraguaínaTO;1702109;Graduação;76.19;1;;M;Cancelamento por Desligamento;Período Fechado;Pública;;;;Urbana;;;;;;;;;;;;;;28;1096;2192;;Não;AC
385;2027;;2012.0;14/01/2022;2022;;;;08/04/2026;26/12/1993;;;Curso Superior de Tecnologia em Análise e Desenvolvimento de Sistemas;TO;Solteiro;Parda;PS/Ampla Concorrência (Inativa);1.0;AraguaínaTO;1702109;0;Brasileira;AraripinaPE;2601102;Graduação;4.72;1;;M;Cancelamento por Desligamento;Cancelamento por Desligamento;Privada;;;;Urbana;;;;;;;;;;;;;;31;1096;2192;;Não;AC
386;2027;;2013.0;14/01/2022;2022;;;;09/04/2026;10/09/1996;;;Curso Superior de Tecnologia em Análise e Desenvolvimento de Sistemas;MA;Solteiro;Parda;PS/Ampla Concorrência (Inativa);1.0;ArameMA;2100956;0;Brasileira;Bom Jesus das SelvasMA;2102036;Graduação;0.0;1;;M;Cancelamento por Desligamento;Cancelamento por Desligamento;Pública;;;;Urbana;;;;;;;;;;;;;;29;1096;2192;;Não;AC
387;2027;;2024.0;03/02/2025;2025;;;;10/04/2026;21/10/2006;;;Curso Superior de Tecnologia em Análise e Desenvolvimento de Sistemas;TO;Solteiro;Parda;Processo Seletivo/Ampla Concorrência (AC);84.58;AraguaínaTO;1702109;0;Brasileira;AraguaínaTO;1702109;Graduação;15.0;1;2.09;M;Matriculado;Matriculado;Pública;;;;Urbana;Não;Sim;Sim;Sim;Não;Sim;Não;Não;Não;Sim;Sim;;;18;1096;2192;;Não;AC
388;2020;;2014.0;30/01/2015;2015;;;;11/04/2026;23/12/1996;;;Curso Superior de Tecnologia em Análise e Desenvolvimento de Sistemas;TO;Solteiro;Parda;PS/Ampla Concorrência (Inativa);1.0;BabaçulândiaTO;1703008;0;Brasileira;BabaçulândiaTO;1703008;Graduação;15.86;1;;M;Cancelamento por Desligamento;Período Fechado;Pública;;;;Urbana;;;;;;;;;;;;;;28;1096;2192;;Não;AC
389;2021;;2007.0;23/03/2016;2016;;;;12/04/2026;23/11/1989;;;Curso Superior de Tecnologia em Análise e Desenvolvimento de Sistemas;TO;Solteiro;Parda;PS/Ampla Concorrência (Inativa);1.0;AraguaínaTO;1702109;0;Brasileira;AraguaínaTO;1702109;Graduação;42.81;1;;M;Cancelamento por Desligamento;Período Fechado;Pública;;;;Urbana;;;;;;;;;;;;;;35;1096;2192;;Não;AC
390;2025;;2019.0;03/02/2020;2020;;;;13/04/2026;14/04/2002;;;Curso Superior de Tecnologia em Análise e Desenvolvimento de Sistemas;TO;Solteiro;Branca;SISU/Ampla concorrência;1.0;AraguaínaTO;1702109;0;Brasileira;AraguaínaTO;1702109;Graduação;0.0;1;;M;Cancelamento por Desligamento;Período Fechado;Pública;;;;Urbana;;;;;;;;;;;;;;23;1096;2192;;Não;AC
391;2022;;2011.0;02/03/2017;2017;;;;14/04/2026;04/10/1992;;;Curso Superior de Tecnologia em Análise e Desenvolvimento de Sistemas;TO;Solteiro;Não declarado;PS/Ampla Concorrência (Inativa);1.0;AraguaínaTO;1702109;0;Brasileira;São José do Rio PretoSP;3549805;Graduação;85.71;1;;M;Cancelamento por Desligamento;Período Fechado;Pública;;;;Urbana;;;;;;;;;;;;;;33;1096;2192;;Não;AC
392;2027;;2024.0;03/02/2025;2025;;;;15/04/2026;01/09/2006;;;Curso Superior de Tecnologia em Análise e Desenvolvimento de Sistemas;TO;Solteiro;Branca;Processo Seletivo/Ampla Concorrência (AC);77.8;AraguaínaTO;1702109;0;Brasileira;Ourilândia do NortePA;1505437;Graduação;15.0;1;3.07;M;Matriculado;Matriculado;Pública;;;;Urbana;Não;Sim;Sim;Sim;Não;Sim;Não;Não;Não;Sim;Sim;;;19;1096;2192;;Não;AC
273;2020;;2014.0;30/01/2015;2015;18/01/2021;25/03/2021;;17/12/2025;24/04/1997;;;Curso Superior de Tecnologia em Análise e Desenvolvimento de Sistemas;TO;Solteiro;Parda;PS/Ampla Concorrência (Inativa);1.0;AraguaínaTO;1702109;0;Brasileira;AraguaínaTO;1702109;Graduação;100.0;1;;F;Concluído;Período Fechado;Pública;;;;Urbana;;;;;;;;;;;;2246.0;2180.0;28;1096;2192;66.0;Não;AC
394;2027;;2020.0;03/02/2025;2025;;;;17/04/2026;03/06/2002;;;Curso Superior de Tecnologia em Análise e Desenvolvimento de Sistemas;TO;Solteiro;Branca;Processo Seletivo/LI_EP: Candidatos que, independentemente da renda, tenham cursado integralmente o ensino médio em escolas públicas;0.0;Nova OlindaTO;1714880;0;Brasileira;XinguaraPA;1508407;Graduação;;1;0.89;M;Cancelado;Cancelada;Pública;;;;Urbana;;;;;;;;;;;;;;23;1096;2192;;Sim;LI_EP
395;2020;;2007.0;30/01/2015;2015;;;;18/04/2026;11/06/1990;;;Curso Superior de Tecnologia em Análise e Desenvolvimento de Sistemas;TO;Solteiro;Parda;PS/Ampla Concorrência (Inativa);1.0;WanderlândiaTO;1722081;0;Brasileira;AraguaínaTO;1702109;Graduação;0.0;1;;F;Cancelamento por Desligamento;Período Fechado;Pública;;;;Urbana;;;;;;;;;;;;;;35;1096;2192;;Não;AC
396;2026;;2023.0;25/01/2024;2024;;;;19/04/2026;10/03/2006;;;Curso Superior de Tecnologia em Análise e Desenvolvimento de Sistemas;TO;Solteiro;Parda;SISU/LB_PPI: Candidatos autodeclarados pretos, pardos ou indígenas, com renda familiar bruta per capita igual ou inferior a 1 salário mínimo e que tenham cursado integralmente o ensino médio em escolas públicas;90.6;AraguaínaTO;1702109;0;Brasileira;AraguaínaTO;1702109;Graduação;46.0;1;0.67;M;Matriculado;Matriculado;Pública;;;;Urbana;Não;Sim;Sim;Sim;Não;Sim;Não;Não;Não;Sim;Sim;;;19;1096;2192;;Sim;LB_PPI
397;2025;;2018.0;30/01/2023;2023;;;;20/04/2026;28/09/1997;;;Curso Superior de Tecnologia em Análise e Desenvolvimento de Sistemas;TO;Casado;Preta;Processo Seletivo/Escola Pública, Preto, Pardo ou Indígena, Independente de renda (R6);0.0;AraguaínaTO;1702109;0;Brasileira;AraguaínaTO;1702109;Graduação;0.0;1;;F;Cancelamento por Desligamento;Cancelamento por Desligamento;Pública;;;;Urbana;Não;Sim;Sim;;Não;Sim;;Não;Não;Sim;Sim;;;28;1096;2192;;Sim;R6
398;2027;;2024.0;03/02/2025;2025;;;;21/04/2026;27/03/2007;;;Curso Superior de Tecnologia em Análise e Desenvolvimento de Sistemas;TO;Solteiro;Parda;Processo Seletivo/LI_EP: Candidatos que, independentemente da renda, tenham cursado integralmente o ensino médio em escolas públicas;72.37;AraguaínaTO;1702109;0;Brasileira;AraguaínaTO;1702109;Graduação;12.0;1;0.73;M;Matriculado;Matriculado;Pública;;;;Urbana;Não;Sim;Sim;Sim;Não;Sim;Não;Não;Não;Sim;Sim;;;18;1096;2192;;Sim;LI_EP
399;2027;;2018.0;14/01/2022;2022;;;;22/04/2026;03/07/1999;;;Curso Superior de Tecnologia em Análise e Desenvolvimento de Sistemas;TO;Solteiro;Parda;Processo Seletivo/Escola Pública, Preto, Pardo ou Indígena, baixa renda (R2);1.0;AraguaínaTO;1702109;0;Brasileira;NazaréTO;1714302;Graduação;0.0;1;;M;Cancelamento por Desligamento;Cancelamento por Desligamento;Pública;;;;Urbana;;;;;;;;;;;;;;26;1096;2192;;Sim;R2
400;2026;;2023.0;25/01/2024;2024;;;;23/04/2026;14/11/2006;;;Curso Superior de Tecnologia em Análise e Desenvolvimento de Sistemas;TO;Solteiro;Branca;Processo Seletivo/Escola pública, independente de renda (R8);0.0;AraguaínaTO;1702109;0;Brasileira;AraguaínaTO;1702109;Graduação;;1;;M;Cancelado;Cancelada;Pública;;;;Urbana;;;;;;;;;;;;;;18;1096;2192;;Sim;R8
401;2027;;2023.0;03/02/2025;2025;;;;24/04/2026;27/11/2006;;;Curso Superior de Tecnologia em Análise e Desenvolvimento de Sistemas;TO;Solteiro;Branca;Processo Seletivo/LI_EP: Candidatos que, independentemente da renda, tenham cursado integralmente o ensino médio em escolas públicas;75.45;CarmolândiaTO;1703883;0;Brasileira;AraguaínaTO;1702109;Graduação;15.0;1;1.18;M;Matriculado;Matriculado;Pública;Municipal;Ônibus;;Urbana;Não;Sim;Sim;Sim;Não;Sim;Não;Não;Não;Sim;Sim;;;18;1096;2192;;Sim;LI_EP
402;2024;;2014.0;28/01/2019;2019;;;;25/04/2026;09/02/1997;;;Curso Superior de Tecnologia em Análise e Desenvolvimento de Sistemas;PA;Solteiro;Parda;PS/Ampla Concorrência (Inativa);35.9;ParauapebasPA;1505536;0;Brasileira;AraguaínaTO;1702109;Graduação;11.1;1;0.33;M;Cancelamento por Desligamento;Cancelamento por Desligamento;Privada;;;;Urbana;Não;Sim;Sim;;Não;Sim;;Não;Não;Sim;Sim;;;28;1096;2192;;Não;AC
403;2022;;2015.0;02/03/2017;2017;;;;26/04/2026;10/11/1998;;;Curso Superior de Tecnologia em Análise e Desenvolvimento de Sistemas;TO;Solteiro;Parda;PS/Ampla Concorrência (Inativa);1.0;AraguaínaTO;1702109;0;Brasileira;AraguaínaTO;1702109;Graduação;19.0;1;;M;Cancelamento por Desligamento;Período Fechado;Pública;;;;Urbana;;;;;;;;;;;;;;26;1096;2192;;Não;AC
404;2020;;1999.0;30/01/2015;2015;;;;27/04/2026;10/07/1981;;;Curso Superior de Tecnologia em Análise e Desenvolvimento de Sistemas;TO;Casado;Parda;PS/Ampla Concorrência (Inativa);1.0;AraguaínaTO;1702109;0;Brasileira;AraguaínaTO;1702109;Graduação;47.57;1;;M;Cancelamento por Desligamento;Período Fechado;Pública;;;;Urbana;;;;;;;;;;;;;;44;1096;2192;;Não;AC
405;2026;;2011.0;22/02/2021;2021;;;;28/04/2026;27/10/1983;;;Curso Superior de Tecnologia em Análise e Desenvolvimento de Sistemas;TO;Solteiro;Preta;PS/Ampla Concorrência (Inativa);71.55;AraguaínaTO;1702109;0;Brasileira;ItaueiraPI;2205102;Graduação;9.0;1;;M;Cancelamento por Desligamento;Cancelamento por Desligamento;Pública;;;;Urbana;Não;Sim;Sim;Não;Não;Sim;;Não;Não;Sim;Sim;;;41;1096;2192;;Não;AC
406;2027;;2015.0;03/02/2025;2025;;;;29/04/2026;12/08/1996;;;Curso Superior de Tecnologia em Análise e Desenvolvimento de Sistemas;TO;Solteiro;Branca;Processo Seletivo/Ampla Concorrência (AC);11.34;AraguaínaTO;1702109;0;Brasileira;TanabiSP;3553401;Graduação;0.0;1;0.72;F;Matriculado;Em Aberto;Pública;;;;Urbana;Não;Sim;Sim;Sim;Não;Sim;Não;Não;Não;Sim;Sim;;;29;1096;2192;;Não;AC
407;2026;;2019.0;25/01/2024;2024;;;;30/04/2026;19/10/2000;;;Curso Superior de Tecnologia em Análise e Desenvolvimento de Sistemas;TO;Solteiro;Preta;Processo Seletivo/Escola Pública, Preto, Pardo ou Indígena, Independente de renda (R6);0.0;AraguaínaTO;1702109;0;Brasileira;AltamiraPA;1500602;Graduação;;1;;M;Cancelado;Cancelada;Pública;;;;Urbana;;;;;;;;;;;;;;24;1096;2192;;Sim;R6
306;2020;;2014.0;30/01/2015;2015;18/01/2021;25/03/2021;;19/01/2026;27/09/1995;;;Curso Superior de Tecnologia em Análise e Desenvolvimento de Sistemas;TO;Casado;Preta;PS/Ampla Concorrência (Inativa);1.0;AraguaínaTO;1702109;0;Brasileira;AraguaínaTO;1702109;Graduação;100.0;1;;M;Concluído;Período Fechado;Pública;;;;Urbana;;;;;;;;;;;;2246.0;2180.0;30;1096;2192;66.0;Não;AC
409;2026;;2021.0;25/01/2024;2024;;;;02/05/2026;12/09/2002;;;Curso Superior de Tecnologia em Análise e Desenvolvimento de Sistemas;TO;Solteiro;Branca;Processo Seletivo/Ampla Concorrência (AC);37.11;AraguaínaTO;1702109;0;Brasileira;AraguaínaTO;1702109;Graduação;18.0;1;1.03;M;Matriculado;Matriculado;Pública;;;;Urbana;Não;Sim;Sim;Sim;Não;Sim;Não;Não;Não;Sim;Sim;;;23;1096;2192;;Não;AC
410;2026;;2017.0;22/02/2021;2021;;;;03/05/2026;09/12/1999;;;Curso Superior de Tecnologia em Análise e Desenvolvimento de Sistemas;TO;Solteiro;Parda;PS/Ampla Concorrência (Inativa);1.0;AraguaínaTO;1702109;0;Brasileira;Nova OlindaTO;1714880;Graduação;1.57;1;;F;Cancelamento por Desligamento;Cancelamento por Desligamento;Pública;;;;Urbana;;;;;;;;;;;;;;25;1096;2192;;Não;AC
411;2022;;2010.0;02/03/2017;2017;;;;04/05/2026;18/08/1993;;;Curso Superior de Tecnologia em Análise e Desenvolvimento de Sistemas;TO;Casado;Parda;Processo Seletivo/Escola Pública, Preto, Pardo ou Indígena, Independente de renda (R6);1.0;AraguaínaTO;1702109;0;Brasileira;AraguaínaTO;1702109;Graduação;47.57;1;;F;Cancelamento por Desligamento;Período Fechado;Pública;;;;Urbana;;;;;;;;;;;;;;32;1096;2192;;Sim;R6
447;2020;;2007.0;30/01/2015;2015;18/01/2021;25/03/2021;;09/06/2026;27/12/1989;;;Curso Superior de Tecnologia em Análise e Desenvolvimento de Sistemas;TO;Solteiro;Branca;PS/Ampla Concorrência (Inativa);1.0;AraguaínaTO;1702109;0;Brasileira;JoinvilleSC;4209102;Graduação;100.0;1;;M;Concluído;Período Fechado;Pública;;;;Urbana;;;;;;;;;;;;2246.0;2180.0;35;1096;2192;66.0;Não;AC
413;2025;;2009.0;03/02/2020;2020;;;;06/05/2026;03/02/1991;;;Curso Superior de Tecnologia em Análise e Desenvolvimento de Sistemas;TO;Solteiro;Branca;SISU/Ampla concorrência;1.0;AraguaínaTO;1702109;0;Brasileira;ArapoemaTO;1702307;Graduação;0.0;1;;M;Cancelamento por Desligamento;Período Fechado;Pública;;;;Urbana;;;;;;;;;;;;;;34;1096;2192;;Não;AC
414;2022;;2015.0;02/03/2017;2017;;;;07/05/2026;14/08/1997;;;Curso Superior de Tecnologia em Análise e Desenvolvimento de Sistemas;TO;Solteiro;Branca;SISU/Ampla concorrência;1.0;AraguaínaTO;1702109;0;Brasileira;ImperatrizMA;2105302;Graduação;0.0;1;;M;Cancelamento por Desligamento;Período Fechado;Pública;;;;Urbana;;;;;;;;;;;;;;28;1096;2192;;Não;AC
174;2025;;2017.0;03/02/2020;2020;;;;09/09/2025;09/01/2000;;;Curso Superior de Tecnologia em Análise e Desenvolvimento de Sistemas;TO;Solteiro;Parda;SISU/Escola Pública, Preto, Pardo ou Indígena, independente de renda;77.54;AraguaínaTO;1702109;0;Brasileira;AraguaínaTO;1702109;Graduação;90.0;1;1.44;M;Matrícula Vínculo Institucional;Em Aberto;Pública;;;;Urbana;Não;Sim;Sim;Sim;Não;Sim;Não;Não;Não;Sim;Sim;;;25;1096;2192;;Sim;LI_PPI
416;2025;;2019.0;03/02/2020;2020;;;;09/05/2026;22/06/2002;;;Curso Superior de Tecnologia em Análise e Desenvolvimento de Sistemas;TO;Solteiro;Parda;SISU/Ampla concorrência;1.0;AraguaínaTO;1702109;0;Brasileira;AraguaínaTO;1702109;Graduação;15.86;1;;M;Cancelamento por Desligamento;Período Fechado;Pública;;;;Urbana;;;;;;;;;;;;;;23;1096;2192;;Não;AC
417;2023;;2001.0;01/02/2018;2018;;;;10/05/2026;26/03/1983;;;Curso Superior de Tecnologia em Análise e Desenvolvimento de Sistemas;TO;Divorciado;Amarela;SISU/Ampla concorrência;1.0;AraguaínaTO;1702109;0;Brasileira;AraguaínaTO;1702109;Graduação;0.0;1;;M;Cancelamento por Desligamento;Período Fechado;Pública;;;;Urbana;;;;;;;;;;;;;;42;1096;2192;;Não;AC
223;2023;2024.0;2018.0;01/02/2018;2018;21/06/2024;09/10/2024;21/10/2024;28/10/2025;24/07/2000;21/06/2024;;Curso Superior de Tecnologia em Análise e Desenvolvimento de Sistemas;TO;Solteiro;Branca;Processo Seletivo/Escola pública, baixa renda (R4);78.9;AraguaínaTO;1702109;94;Brasileira;Barra do CordaMA;2101608;Graduação;100.0;1;0.27;M;Formado;Período Fechado;Pública;;;;Urbana;Não;Não;Não;Não;Não;Não;;Não;Não;Não;Não;2442.0;2332.0;25;1096;2192;110.0;Sim;R4
312;2024;;2014.0;28/01/2019;2019;;;;25/01/2026;14/02/1997;;;Curso Superior de Tecnologia em Análise e Desenvolvimento de Sistemas;TO;Casado;Parda;PS/Transferência Externa;1.0;AraguaínaTO;1702109;0;Brasileira;AraguaínaTO;1702109;Graduação;15.9;2;;M;Cancelamento por Desligamento;Período Fechado;Pública;;;;Urbana;;;;;;;;;;;;;;28;1096;2192;;Não;Trans_Ex
334;2023;2024.0;2017.0;01/02/2018;2018;21/06/2024;09/10/2024;21/10/2024;16/02/2026;04/06/2001;21/06/2024;;Curso Superior de Tecnologia em Análise e Desenvolvimento de Sistemas;TO;Solteiro;Parda;SISU/Ampla concorrência;73.61;AraguaínaTO;1702109;94;Brasileira;AraguaínaTO;1702109;Graduação;100.0;1;0.76;M;Formado;Período Fechado;Pública;;;;Urbana;Não;Não;Não;Não;Não;Não;;Não;Não;Não;Não;2442.0;2332.0;24;1096;2192;110.0;Não;AC
421;2026;;2020.0;22/02/2021;2021;;;;14/05/2026;12/10/1991;;;Curso Superior de Tecnologia em Análise e Desenvolvimento de Sistemas;TO;Solteiro;Preta;PS/Ampla Concorrência (Inativa);1.0;AraguaínaTO;1702109;0;Brasileira;AraguaínaTO;1702109;Graduação;0.0;1;;M;Cancelamento por Desligamento;Período Fechado;Privada;;;;Urbana;;;;;;;;;;;;;;34;1096;2192;;Não;AC
422;2027;;2021.0;14/01/2022;2022;;;;15/05/2026;09/08/2003;;;Curso Superior de Tecnologia em Análise e Desenvolvimento de Sistemas;TO;Solteiro;Parda;Processo Seletivo/Escola pública, baixa renda (R4);54.3;WanderlândiaTO;1722081;0;Brasileira;AraguaínaTO;1702109;Graduação;15.82;1;0.57;M;Cancelamento por Desligamento;Cancelamento por Desligamento;Pública;Estadual;Ônibus;;Rural;Não;Sim;Sim;;Não;Sim;;Não;Não;Sim;Sim;;;22;1096;2192;;Sim;R4
67;2024;2024.0;2016.0;28/01/2019;2019;21/06/2024;09/10/2024;21/10/2024;25/05/2025;25/04/1998;21/06/2024;;Curso Superior de Tecnologia em Análise e Desenvolvimento de Sistemas;TO;Solteiro;Branca;PS/Transferência Externa;77.07;AraguaínaTO;1702109;100;Brasileira;AraguaínaTO;1702109;Graduação;100.0;1;0.76;M;Formado;Período Fechado;Pública;;;;Urbana;Não;Não;Não;Não;Não;Não;;Não;Não;Não;Não;2081.0;1971.0;27;1096;2192;110.0;Não;Trans_Ex
424;2025;;2022.0;30/01/2023;2023;;;;17/05/2026;08/04/2004;;;Curso Superior de Tecnologia em Análise e Desenvolvimento de Sistemas;TO;Solteiro;Branca;Processo Seletivo/Ampla Concorrência (AC);0.0;AraguaínaTO;1702109;89;Brasileira;AraguaínaTO;1702109;Graduação;0.0;1;;M;Cancelado;Cancelada;Pública;;;;Urbana;Não;Sim;Sim;;Não;Sim;;Não;Não;Sim;Sim;;;21;1096;2192;;Não;AC
425;2025;;2019.0;03/02/2020;2020;;;;18/05/2026;29/07/2000;;;Curso Superior de Tecnologia em Análise e Desenvolvimento de Sistemas;TO;Casado;Parda;Processo Seletivo/Escola Pública, Preto, Pardo ou Indígena, baixa renda (R2);1.0;AraguaínaTO;1702109;0;Brasileira;AraguaínaTO;1702109;Graduação;0.0;1;;M;Cancelamento por Desligamento;Período Fechado;Pública;;;;Urbana;;;;;;;;;;;;;;25;1096;2192;;Sim;R2
426;2027;;2024.0;03/02/2025;2025;;;;19/05/2026;10/09/2007;;;Curso Superior de Tecnologia em Análise e Desenvolvimento de Sistemas;TO;Solteiro;Parda;SISU/Ampla concorrência;89.36;AraguaínaTO;1702109;0;Brasileira;AraguaínaTO;1702109;Graduação;15.0;1;1.61;M;Cancelado;Cancelada;Pública;;;;Urbana;Não;Sim;Sim;Sim;Não;Sim;Não;Não;Não;Sim;Sim;;;18;1096;2192;;Não;AC
427;2025;;2022.0;30/01/2023;2023;;;;20/05/2026;31/05/2004;;;Curso Superior de Tecnologia em Análise e Desenvolvimento de Sistemas;TO;Solteiro;Branca;Processo Seletivo/Escola pública, baixa renda (R4);83.52;AraguaínaTO;1702109;0;Brasileira;EstreitoMA;2104057;Graduação;67.0;1;0.21;F;Matriculado;Matriculado;Pública;;;;Urbana;Não;Sim;Sim;Sim;Não;Sim;Não;Não;Não;Sim;Sim;;;21;1096;2192;;Sim;R4
352;2026;;2013.0;22/02/2021;2021;;;;06/03/2026;26/01/1999;;;Curso Superior de Tecnologia em Análise e Desenvolvimento de Sistemas;TO;Solteiro;Parda;PS/Transferência Externa;1.0;AraguaínaTO;1702109;0;Brasileira;AraguaínaTO;1702109;Graduação;33.33;2;;M;Cancelamento por Desligamento;Período Fechado;Pública;;;;Urbana;;;;;;;;;;;;;;26;1096;2192;;Não;Trans_Ex
119;2020;;2001.0;30/01/2015;2015;12/07/2021;20/12/2021;;16/07/2025;24/05/1984;;;Curso Superior de Tecnologia em Análise e Desenvolvimento de Sistemas;TO;Casado;Parda;PS/Ampla Concorrência (Inativa);1.0;AraguaínaTO;1702109;0;Brasileira;AraguaínaTO;1702109;Graduação;100.0;1;;M;Concluído;Período Fechado;Pública;;;;Urbana;;;;;;;;;;;;2516.0;2355.0;41;1096;2192;161.0;Não;AC
430;2026;;2019.0;22/02/2021;2021;;;;23/05/2026;25/04/2002;;;Curso Superior de Tecnologia em Análise e Desenvolvimento de Sistemas;TO;Solteiro;Parda;PS/Ampla Concorrência (Inativa);81.61;AraguaínaTO;1702109;0;Brasileira;AraguaínaTO;1702109;Graduação;92.0;1;1.42;M;Matriculado;Matriculado;Pública;;;;Urbana;Não;Sim;Sim;Sim;Não;Sim;Não;Não;Não;Sim;Sim;;;23;1096;2192;;Não;AC
431;2025;;2022.0;30/01/2023;2023;;;;24/05/2026;10/03/2005;;;Curso Superior de Tecnologia em Análise e Desenvolvimento de Sistemas;TO;Solteiro;Branca;Processo Seletivo/Ampla Concorrência (AC);86.47;AraguaínaTO;1702109;0;Brasileira;AraguaínaTO;1702109;Graduação;75.0;1;1.37;F;Matriculado;Matriculado;Pública;;;;Urbana;Não;Sim;Sim;Sim;Não;Sim;Não;Não;Não;Sim;Sim;;;20;1096;2192;;Não;AC
432;2025;;2022.0;30/01/2023;2023;;;;25/05/2026;16/11/2004;;;Curso Superior de Tecnologia em Análise e Desenvolvimento de Sistemas;TO;Solteiro;Parda;Processo Seletivo/Escola Pública, Preto, Pardo ou Indígena, Independente de renda (R6);87.65;Santa Fé do AraguaiaTO;1718865;0;Brasileira;AraguaínaTO;1702109;Graduação;73.0;1;0.71;M;Matriculado;Matriculado;Pública;;;;Urbana;Não;Sim;Sim;Sim;Não;Sim;Não;Não;Não;Sim;Sim;;;20;1096;2192;;Sim;R6
433;2025;;2019.0;03/02/2020;2020;;;;26/05/2026;25/05/2000;;;Curso Superior de Tecnologia em Análise e Desenvolvimento de Sistemas;TO;Solteiro;Branca;Processo Seletivo/Escola pública, baixa renda (R4);37.65;AraguaínaTO;1702109;0;Brasileira;AraguaínaTO;1702109;Graduação;9.48;1;5.0;M;Cancelamento Compulsório;Cancelamento Compulsório;Pública;;;;Urbana;Não;Sim;Sim;;Não;Sim;;Não;Não;Sim;Sim;;;25;1096;2192;;Sim;R4
434;2027;;2003.0;14/01/2022;2022;;;;27/05/2026;27/04/1986;;;Curso Superior de Tecnologia em Análise e Desenvolvimento de Sistemas;TO;Casado;Branca;PS/Ampla Concorrência (Inativa);90.59;AraguaínaTO;1702109;0;Brasileira;BelémPA;1501402;Graduação;41.26;1;;F;Cancelamento por Desligamento;Cancelamento por Desligamento;Pública;;;;Urbana;Não;Sim;Sim;;Não;Sim;;Não;Não;Sim;Sim;;;39;1096;2192;;Não;AC
435;2027;;2021.0;14/01/2022;2022;;;;28/05/2026;03/07/2004;;;Curso Superior de Tecnologia em Análise e Desenvolvimento de Sistemas;TO;Solteiro;Branca;PS/Ampla Concorrência (Inativa);85.42;AraguaínaTO;1702109;0;Brasileira;BrasíliaDF;5300108;Graduação;47.59;1;0.48;F;Cancelamento Compulsório;Cancelamento Compulsório;Privada;;;;Urbana;Não;Sim;Sim;;Não;Sim;;Não;Não;Sim;Sim;;;21;1096;2192;;Não;AC
436;2024;;2017.0;28/01/2019;2019;;;;29/05/2026;05/08/1999;;Deficiência Física;Curso Superior de Tecnologia em Análise e Desenvolvimento de Sistemas;TO;Solteiro;Branca;Processo Seletivo/Escola pública, baixa renda, com deficiência (R3);1.0;AraguaínaTO;1702109;0;Brasileira;AraguaínaTO;1702109;Graduação;15.86;1;;M;Cancelamento por Desligamento;Período Fechado;Pública;;;;Urbana;;;;;;;;;;;;;;26;1096;2192;;Sim;R3
362;2025;;2008.0;03/02/2020;2020;;;;16/03/2026;05/09/1990;;;Curso Superior de Tecnologia em Análise e Desenvolvimento de Sistemas;TO;Divorciado;Não declarado;PS/Transferência Externa;1.0;AraguaínaTO;1702109;0;Brasileira;AraguaínaTO;1702109;Graduação;4.71;2;;M;Cancelamento por Desligamento;Período Fechado;Pública;;;;Urbana;;;;;;;;;;;;;;35;1096;2192;;Não;Trans_Ex
438;2026;;2018.0;22/02/2021;2021;;;;31/05/2026;17/12/2001;;;Curso Superior de Tecnologia em Análise e Desenvolvimento de Sistemas;TO;Solteiro;Preta;Processo Seletivo/Escola Pública, Preto, Pardo ou Indígena, Independente de renda (R6);1.0;AraguaínaTO;1702109;0;Brasileira;AraguaínaTO;1702109;Graduação;31.71;1;;F;Cancelado;Cancelada;Pública;;;;Urbana;;;;;;;;;;;;;;23;1096;2192;;Sim;R6
439;2022;;2013.0;02/03/2017;2017;;;;01/06/2026;08/06/1997;;;Curso Superior de Tecnologia em Análise e Desenvolvimento de Sistemas;TO;Solteiro;Parda;PS/Ampla Concorrência (Inativa);1.0;AraguaínaTO;1702109;0;Brasileira;CarolinaMA;2102804;Graduação;15.86;1;;M;Cancelamento por Desligamento;Período Fechado;Pública;;;;Urbana;;;;;;;;;;;;;;28;1096;2192;;Não;AC
440;2025;;2019.0;03/02/2020;2020;;;;02/06/2026;09/07/2001;;;Curso Superior de Tecnologia em Análise e Desenvolvimento de Sistemas;TO;Solteiro;Parda;PS/Ampla Concorrência (Inativa);1.0;AraguaínaTO;1702109;0;Brasileira;ArapoemaTO;1702307;Graduação;0.0;1;;M;Cancelamento por Desligamento;Período Fechado;Pública;;;;Urbana;;;;;;;;;;;;;;24;1096;2192;;Não;AC
441;2024;;2008.0;28/01/2019;2019;;;;03/06/2026;05/04/1990;;;Curso Superior de Tecnologia em Análise e Desenvolvimento de Sistemas;TO;Solteiro;Parda;PS/Ampla Concorrência (Inativa);1.0;WanderlândiaTO;1722081;0;Brasileira;WanderlândiaTO;1722081;Graduação;0.0;1;;M;Cancelamento por Desligamento;Período Fechado;Pública;;;;Urbana;;;;;;;;;;;;;;35;1096;2192;;Não;AC
442;2020;;2013.0;30/01/2015;2015;;;;04/06/2026;10/02/1995;;;Curso Superior de Tecnologia em Análise e Desenvolvimento de Sistemas;TO;Solteiro;Branca;PS/Ampla Concorrência (Inativa);1.0;AraguaínaTO;1702109;0;Brasileira;AraguatinsTO;1702208;Graduação;7.9;1;;M;Cancelamento por Desligamento;Período Fechado;Pública;;;;Urbana;;;;;;;;;;;;;;30;1096;2192;;Não;AC
443;2024;;2017.0;28/01/2019;2019;;;;05/06/2026;15/06/2000;;;Curso Superior de Tecnologia em Análise e Desenvolvimento de Sistemas;TO;Solteiro;Parda;Processo Seletivo/Escola pública, baixa renda (R4);1.0;AraguaínaTO;1702109;0;Brasileira;AraguaínaTO;1702109;Graduação;39.67;1;;M;Cancelamento por Desligamento;Cancelamento por Desligamento;Pública;;;;Urbana;;;;;;;;;;;;;;25;1096;2192;;Sim;R4
444;2027;;2019.0;14/01/2022;2022;;;;06/06/2026;04/01/2002;;;Curso Superior de Tecnologia em Análise e Desenvolvimento de Sistemas;TO;Solteiro;Parda;Processo Seletivo/Escola pública, baixa renda (R4);79.7;AraguaínaTO;1702109;0;Brasileira;AraguaínaTO;1702109;Graduação;92.0;1;0.5;M;Matriculado;Matriculado;Pública;;;;Urbana;Não;Sim;Sim;Sim;Não;Sim;Não;Não;Não;Não;Sim;;;23;1096;2192;;Sim;R4
445;2026;;2019.0;22/02/2021;2021;;;;07/06/2026;17/09/1992;;;Curso Superior de Tecnologia em Análise e Desenvolvimento de Sistemas;TO;Casado;Amarela;PS/Ampla Concorrência (Inativa);1.0;AraguaínaTO;1702109;0;Brasileira;AraguanãTO;1702158;Graduação;0.0;1;;F;Cancelamento por Desligamento;Período Fechado;Pública;;;;Urbana;;;;;;;;;;;;;;33;1096;2192;;Não;AC
419;2025;;2012.0;03/02/2020;2020;;;;12/05/2026;24/11/1994;;;Curso Superior de Tecnologia em Análise e Desenvolvimento de Sistemas;TO;Solteiro;Parda;PS/Transferência Externa;1.0;AraguaínaTO;1702109;0;Brasileira;AraguaínaTO;1702109;Graduação;12.67;1;;M;Cancelamento por Desligamento;Período Fechado;Pública;;;;Urbana;;;;;;;;;;;;;;30;1096;2192;;Não;Trans_Ex
141;2020;;2011.0;30/01/2015;2015;12/07/2021;20/12/2021;;07/08/2025;15/01/1993;;;Curso Superior de Tecnologia em Análise e Desenvolvimento de Sistemas;TO;Casado;Parda;PS/Ampla Concorrência (Inativa);1.0;AraguaínaTO;1702109;0;Brasileira;ParauapebasPA;1505536;Graduação;100.0;1;;M;Concluído;Período Fechado;Pública;;;;Urbana;;;;;;;;;;;;2516.0;2355.0;32;1096;2192;161.0;Não;AC
448;2021;;2015.0;23/03/2016;2016;;;;10/06/2026;02/01/1998;;;Curso Superior de Tecnologia em Análise e Desenvolvimento de Sistemas;TO;Solteiro;Branca;PS/Ampla Concorrência (Inativa);1.0;AraguaínaTO;1702109;0;Brasileira;AraguaínaTO;1702109;Graduação;0.0;1;;F;Cancelamento por Desligamento;Período Fechado;Pública;;;;Urbana;;;;;;;;;;;;;;27;1096;2192;;Não;AC
449;2022;;2005.0;02/03/2017;2017;;;;11/06/2026;08/12/1986;;;Curso Superior de Tecnologia em Análise e Desenvolvimento de Sistemas;TO;Casado;Parda;PS/Ampla Concorrência (Inativa);1.0;AraguaínaTO;1702109;0;Brasileira;WanderlândiaTO;1722081;Graduação;0.0;1;;M;Cancelamento por Desligamento;Período Fechado;Pública;;;;Urbana;;;;;;;;;;;;;;38;1096;2192;;Não;AC
450;2025;;2005.0;03/02/2020;2020;;;;12/06/2026;08/06/1988;;;Curso Superior de Tecnologia em Análise e Desenvolvimento de Sistemas;TO;Solteiro;Parda;PS/Ampla Concorrência (Inativa);1.0;AraguaínaTO;1702109;0;Brasileira;AugustinópolisTO;1702554;Graduação;0.0;1;;F;Cancelamento por Desligamento;Período Fechado;Pública;;;;Urbana;;;;;;;;;;;;;;37;1096;2192;;Não;AC
117;2020;2022.0;2006.0;30/01/2015;2015;17/12/2021;23/09/2022;;14/07/2025;25/10/1986;;;Curso Superior de Tecnologia em Análise e Desenvolvimento de Sistemas;TO;Solteiro;Parda;PS/Ampla Concorrência (Inativa);74.45;PiraquêTO;1717206;0;Brasileira;WanderlândiaTO;1722081;Graduação;100.0;1;;F;Formado;Período Fechado;Pública;;;;Urbana;Não;Não;Não;Não;Não;Não;;Não;Não;Não;Não;2793.0;2513.0;38;1096;2192;280.0;Não;AC
342;2020;2022.0;2010.0;30/01/2015;2015;17/12/2021;23/09/2022;;24/02/2026;27/01/1993;;;Curso Superior de Tecnologia em Análise e Desenvolvimento de Sistemas;TO;Casado;Parda;PS/Ampla Concorrência (Inativa);74.62;WanderlândiaTO;1722081;0;Brasileira;AraguaínaTO;1702109;Graduação;100.0;1;;F;Formado;Período Fechado;Pública;;;;Urbana;Não;Não;Não;Não;Não;Não;;Não;Não;Não;Não;2793.0;2513.0;32;1096;2192;280.0;Não;AC
446;2025;;2010.0;03/02/2020;2020;;;;08/06/2026;09/12/1992;;;Curso Superior de Tecnologia em Análise e Desenvolvimento de Sistemas;TO;União Estável;Não declarado;PS/Transferência Externa;48.73;AraguaínaTO;1702109;0;Brasileira;Feira de SantanaBA;2910800;Graduação;11.01;2;;M;Cancelamento por Desligamento;Cancelamento por Desligamento;Pública;;;;Urbana;Não;Sim;Sim;;Não;Sim;;Não;Não;Sim;Sim;;;32;1096;2192;;Não;Trans_Ex
454;2025;;2022.0;30/01/2023;2023;;;;16/06/2026;25/04/2005;;;Curso Superior de Tecnologia em Análise e Desenvolvimento de Sistemas;TO;Solteiro;Branca;Processo Seletivo/Escola pública, independente de renda (R8);91.11;AraguaínaTO;1702109;0;Brasileira;AraguaínaTO;1702109;Graduação;76.0;1;4.84;M;Matriculado;Matriculado;Pública;;;;Urbana;Não;Sim;Sim;Sim;Não;Sim;Não;Não;Não;Sim;Sim;;;20;1096;2192;;Sim;R8
113;2023;2024.0;2017.0;01/02/2018;2018;21/12/2024;20/05/2025;29/05/2025;10/07/2025;17/10/1999;21/12/2024;;Curso Superior de Tecnologia em Análise e Desenvolvimento de Sistemas;TO;Casado;Branca;SISU/Ampla concorrência;80.84;AraguaínaTO;1702109;90;Brasileira;AraguaínaTO;1702109;Graduação;100.0;1;0.53;M;Formado;Período Fechado;Pública;;;;Urbana;Não;Não;Não;Não;Não;Não;Não;Não;Não;Não;Não;2665.0;2515.0;25;1096;2192;150.0;Não;AC
456;2021;;2011.0;23/03/2016;2016;;;;18/06/2026;28/01/1992;;;Curso Superior de Tecnologia em Análise e Desenvolvimento de Sistemas;TO;Solteiro;Parda;PS/Ampla Concorrência (Inativa);1.0;AraguaínaTO;1702109;0;Brasileira;AraguaínaTO;1702109;Graduação;17.43;1;;M;Cancelamento por Desligamento;Período Fechado;Pública;;;;Urbana;;;;;;;;;;;;;;33;1096;2192;;Não;AC
457;2021;;2015.0;23/03/2016;2016;;;;19/06/2026;21/11/1996;;;Curso Superior de Tecnologia em Análise e Desenvolvimento de Sistemas;TO;Solteiro;Branca;SISU/Ampla concorrência;1.0;AraguaínaTO;1702109;0;Brasileira;AraguaínaTO;1702109;Graduação;30.1;1;;F;Cancelamento por Desligamento;Período Fechado;Pública;;;;Urbana;;;;;;;;;;;;;;28;1096;2192;;Não;AC
203;2024;;2018.0;28/01/2019;2019;;;;08/10/2025;21/06/2001;;;Curso Superior de Tecnologia em Análise e Desenvolvimento de Sistemas;TO;Solteiro;Parda;SISU/Escola Pública, Preto, Pardo ou Indígena, independente de renda;1.0;WanderlândiaTO;1722081;0;Brasileira;AraguaínaTO;1702109;Graduação;0.0;1;;M;Cancelamento por Desligamento;Período Fechado;Pública;;;;Urbana;;;;;;;;;;;;;;24;1096;2192;;Sim;LI_PPI
459;2025;;2019.0;30/01/2023;2023;;;;21/06/2026;11/10/2002;;;Curso Superior de Tecnologia em Análise e Desenvolvimento de Sistemas;TO;Solteiro;Parda;Processo Seletivo/Ampla Concorrência (AC);85.85;AraguaínaTO;1702109;0;Brasileira;AraguaínaTO;1702109;Graduação;73.0;1;0.0;M;Matriculado;Matriculado;Pública;;;;Urbana;Não;Sim;Sim;Sim;Não;Sim;Não;Não;Não;Sim;Sim;;;23;1096;2192;;Não;AC
460;2025;;2022.0;30/01/2023;2023;;;;22/06/2026;07/09/2004;;;Curso Superior de Tecnologia em Análise e Desenvolvimento de Sistemas;TO;Solteiro;Preta;Processo Seletivo/Escola Pública, Preto, Pardo ou Indígena, baixa renda (R2);32.6;AraguaínaTO;1702109;0;Brasileira;AraguaínaTO;1702109;Graduação;12.0;1;;F;Cancelamento por Desligamento;Cancelamento por Desligamento;Pública;;;;Urbana;Não;Sim;Sim;;Não;Sim;;Não;Não;Sim;Sim;;;21;1096;2192;;Sim;R2
461;2021;;2015.0;23/03/2016;2016;;;;23/06/2026;21/07/1998;;;Curso Superior de Tecnologia em Análise e Desenvolvimento de Sistemas;TO;Solteiro;Parda;SISU/Ampla concorrência;1.0;AraguaínaTO;1702109;0;Brasileira;AraguaínaTO;1702109;Graduação;0.0;1;;F;Cancelamento por Desligamento;Período Fechado;Privada;;;;Urbana;;;;;;;;;;;;;;27;1096;2192;;Não;AC
462;2027;;2021.0;03/02/2025;2025;;;;24/06/2026;29/08/2003;;;Curso Superior de Tecnologia em Análise e Desenvolvimento de Sistemas;TO;Solteiro;Parda;SISU/LB_Q: Candidatos autodeclarados quilombolas, com renda familiar bruta per capita igual ou inferior a 1 salário mínimo e que tenham cursado integralmente o ensino médio em escolas públicas;66.83;AraguaínaTO;1702109;0;Brasileira;MuricilândiaTO;1713957;Graduação;12.0;1;0.24;M;Matriculado;Matriculado;Pública;Municipal;Ônibus;;Urbana;Não;Sim;Sim;Sim;Não;Sim;Não;Não;Não;Sim;Sim;;;22;1096;2192;;Sim;LB_Q
463;2026;;2005.0;22/02/2021;2021;;;;25/06/2026;28/12/1986;;;Curso Superior de Tecnologia em Análise e Desenvolvimento de Sistemas;TO;Solteiro;Parda;PS/Ampla Concorrência (Inativa);67.58;AraguaínaTO;1702109;0;Brasileira;TocantinópolisTO;1721208;Graduação;15.86;1;3.47;M;Cancelamento por Desligamento;Cancelamento por Desligamento;Pública;;;;Urbana;Não;Sim;Sim;;Não;Sim;;Não;Não;Sim;Sim;;;38;1096;2192;;Não;AC
464;2021;;2008.0;23/03/2016;2016;;;;26/06/2026;10/01/1991;;;Curso Superior de Tecnologia em Análise e Desenvolvimento de Sistemas;TO;Solteiro;Parda;PS/Ampla Concorrência (Inativa);1.0;AraguaínaTO;1702109;0;Brasileira;AraguaínaTO;1702109;Graduação;33.33;1;;M;Cancelamento por Desligamento;Período Fechado;Pública;;;;Urbana;;;;;;;;;;;;;;34;1096;2192;;Não;AC
465;2027;;2019.0;14/01/2022;2022;;;;27/06/2026;23/08/2000;;;Curso Superior de Tecnologia em Análise e Desenvolvimento de Sistemas;TO;Solteiro;Parda;Processo Seletivo/Escola pública, baixa renda (R4);80.25;AraguaínaTO;1702109;0;Brasileira;ItupirangaPA;1503705;Graduação;84.0;1;0.33;M;Matrícula Vínculo Institucional;Em Aberto;Pública;;;;Urbana;Não;Sim;Sim;Sim;Não;Sim;Não;Não;Não;Sim;Sim;;;25;1096;2192;;Sim;R4
453;2026;;2019.0;30/01/2023;2023;;;;15/06/2026;16/09/2002;;;Curso Superior de Tecnologia em Análise e Desenvolvimento de Sistemas;TO;Solteiro;Branca;PS/Transferência Externa;87.65;AraguanãTO;1702158;0;Brasileira;ItapeviSP;3522505;Graduação;70.0;2;0.59;M;Matriculado;Matriculado;Pública;;;;Urbana;Não;Sim;Não;Sim;Não;Sim;Não;Não;Não;Sim;Sim;;;23;1096;2192;;Não;Trans_Ex
467;2021;;2009.0;23/03/2016;2016;;;;29/06/2026;18/11/1988;;;Curso Superior de Tecnologia em Análise e Desenvolvimento de Sistemas;TO;Solteiro;Parda;PS/Ampla Concorrência (Inativa);1.0;AraguaínaTO;1702109;0;Brasileira;AraguaínaTO;1702109;Graduação;39.57;1;;M;Cancelamento por Desligamento;Período Fechado;Pública;;;;Urbana;;;;;;;;;;;;;;36;1096;2192;;Não;AC
468;2025;;2018.0;03/02/2020;2020;;;;30/06/2026;30/12/1998;;;Curso Superior de Tecnologia em Análise e Desenvolvimento de Sistemas;TO;Solteiro;Preta;Processo Seletivo/Escola pública, baixa renda (R4);1.0;AraguaínaTO;1702109;0;Brasileira;PalmasTO;1721000;Graduação;15.86;1;;M;Cancelamento por Desligamento;Período Fechado;Pública;;;;Urbana;;;;;;;;;;;;;;26;1096;2192;;Sim;R4
469;2022;;2006.0;02/03/2017;2017;;;;01/07/2026;20/08/1986;;;Curso Superior de Tecnologia em Análise e Desenvolvimento de Sistemas;TO;Casado;Preta;PS/Ampla Concorrência (Inativa);1.0;AraguaínaTO;1702109;0;Brasileira;AraguaínaTO;1702109;Graduação;49.1;1;;F;Cancelamento por Desligamento;Período Fechado;Pública;;;;Urbana;;;;;;;;;;;;;;39;1096;2192;;Não;AC
470;2022;;2008.0;02/03/2017;2017;;;;02/07/2026;18/07/1991;;;Curso Superior de Tecnologia em Análise e Desenvolvimento de Sistemas;TO;Solteiro;Parda;SISU/Ampla concorrência;1.0;AraguaínaTO;1702109;0;Brasileira;AraguaínaTO;1702109;Graduação;0.0;1;;M;Cancelamento por Desligamento;Período Fechado;Pública;;;;Urbana;;;;;;;;;;;;;;34;1096;2192;;Não;AC
471;2021;;1990.0;23/03/2016;2016;;;;03/07/2026;25/02/1973;;;Curso Superior de Tecnologia em Análise e Desenvolvimento de Sistemas;TO;União Estável;Parda;SISU/Ampla concorrência;1.0;AraguaínaTO;1702109;0;Brasileira;BrasíliaDF;5300108;Graduação;0.0;1;;M;Cancelamento por Desligamento;Período Fechado;Privada;;;;Urbana;;;;;;;;;;;;;;52;1096;2192;;Não;AC
46;2027;;2017.0;25/01/2024;2024;;;;04/05/2025;10/10/2002;;;Curso Superior de Tecnologia em Análise e Desenvolvimento de Sistemas;TO;Solteiro;Preta;PS/Transferência Interna;93.17;AraguaínaTO;1702109;0;Brasileira;Colinas do TocantinsTO;1705508;Graduação;36.0;2;2.9;F;Matriculado;Matriculado;Pública;;;;Urbana;Não;Sim;Sim;Sim;Não;Sim;Não;Não;Não;Sim;Sim;;;23;1096;2192;;Não;Trans_In
294;2020;2020.0;2013.0;30/01/2015;2015;29/06/2022;23/09/2022;;07/01/2026;28/05/1995;;;Curso Superior de Tecnologia em Análise e Desenvolvimento de Sistemas;TO;Divorciado;Parda;PS/Ampla Concorrência (Inativa);73.75;AraguaínaTO;1702109;0;Brasileira;PalmasTO;1721000;Graduação;100.0;1;;F;Formado;Período Fechado;Pública;;;;Urbana;Não;Não;Não;Não;Não;Não;;Não;Não;Não;Não;2793.0;2707.0;30;1096;2192;86.0;Não;AC
259;2023;;2007.0;01/02/2018;2018;;;;03/12/2025;15/08/1989;;;Curso Superior de Tecnologia em Análise e Desenvolvimento de Sistemas;TO;Solteiro;Parda;SISU/Escola Pública, Preto, Pardo ou Indígena, independente de renda;1.0;AraguanãTO;1702158;0;Brasileira;ImperatrizMA;2105302;Graduação;31.71;1;;M;Cancelamento por Desligamento;Período Fechado;Pública;;;;Urbana;;;;;;;;;;;;;;36;1096;2192;;Sim;LI_PPI
475;2021;;2013.0;23/03/2016;2016;;;;07/07/2026;15/06/1996;;;Curso Superior de Tecnologia em Análise e Desenvolvimento de Sistemas;TO;Solteiro;Preta;PS/Ampla Concorrência (Inativa);78.6;AraguaínaTO;1702109;0;Brasileira;AraguaínaTO;1702109;Graduação;59.97;1;;M;Jubilado;Jubilado;Pública;;;;Urbana;Não;Sim;Sim;;Não;Não;;Não;Sim;Sim;Sim;;;29;1096;2192;;Não;AC
355;2023;;2013.0;01/02/2018;2018;;;;09/03/2026;13/11/1996;;;Curso Superior de Tecnologia em Análise e Desenvolvimento de Sistemas;TO;Solteiro;Parda;PS/Transferência Interna;1.0;AraguaínaTO;1702109;0;Brasileira;AraguaínaTO;1702109;Graduação;4.76;1;;M;Cancelamento por Desligamento;Período Fechado;Pública;;;;Urbana;;;;;;;;;;;;;;28;1096;2192;;Não;Trans_In
477;2020;;2012.0;30/01/2015;2015;;;;09/07/2026;06/04/1995;;;Curso Superior de Tecnologia em Análise e Desenvolvimento de Sistemas;TO;Solteiro;Parda;PS/Ampla Concorrência (Inativa);1.0;AraguaínaTO;1702109;0;Brasileira;AraguaínaTO;1702109;Graduação;93.67;1;;M;Cancelamento por Desligamento;Período Fechado;Pública;;;;Urbana;;;;;;;;;;;;;;30;1096;2192;;Não;AC
478;2022;;2010.0;02/03/2017;2017;;;;10/07/2026;15/04/1987;;;Curso Superior de Tecnologia em Análise e Desenvolvimento de Sistemas;MA;Solteiro;Parda;PS/Ampla Concorrência (Inativa);1.0;CarolinaMA;2102804;0;Brasileira;CarolinaMA;2102804;Graduação;0.0;1;;M;Cancelamento por Desligamento;Período Fechado;Pública;;;;Urbana;;;;;;;;;;;;;;38;1096;2192;;Não;AC
418;2020;;2004.0;30/01/2015;2015;29/06/2022;01/09/2022;;11/05/2026;06/05/1986;;;Curso Superior de Tecnologia em Análise e Desenvolvimento de Sistemas;TO;Solteiro;Parda;PS/Ampla Concorrência (Inativa);1.0;AraguaínaTO;1702109;0;Brasileira;AraguaínaTO;1702109;Graduação;100.0;1;;M;Concluído;Período Fechado;Pública;;;;Urbana;;;;;;;;;;;;2771.0;2707.0;39;1096;2192;64.0;Não;AC
480;2027;;2015.0;14/01/2022;2022;;;;12/07/2026;18/01/1999;;;Curso Superior de Tecnologia em Análise e Desenvolvimento de Sistemas;TO;Solteiro;Parda;PS/Ampla Concorrência (Inativa);1.0;AraguaínaTO;1702109;0;Brasileira;AraguaínaTO;1702109;Graduação;0.0;1;;M;Cancelamento por Desligamento;Cancelamento por Desligamento;Pública;;;;Urbana;;;;;;;;;;;;;;26;1096;2192;;Não;AC
428;2026;;2023.0;25/01/2024;2024;;;;21/05/2026;09/12/2005;;;Curso Superior de Tecnologia em Análise e Desenvolvimento de Sistemas;TO;Solteiro;Branca;PS/Transferência Interna;86.5;AraguaínaTO;1702109;0;Brasileira;NatalRN;2408102;Graduação;30.0;2;1.22;M;Matriculado;Matriculado;Pública;;;;Urbana;Não;Sim;Sim;Sim;Não;Sim;Não;Não;Não;Sim;Sim;;;19;1096;2192;;Não;Trans_In
482;2025;;2022.0;30/01/2023;2023;;;;14/07/2026;13/01/2006;;;Curso Superior de Tecnologia em Análise e Desenvolvimento de Sistemas;TO;Solteiro;Parda;Processo Seletivo/Ampla Concorrência (AC);75.07;AraguaínaTO;1702109;0;Brasileira;AraguaínaTO;1702109;Graduação;12.67;1;0.89;M;Cancelado;Cancelada;Pública;;;;Urbana;Não;Sim;Sim;;Não;Sim;;Não;Não;Sim;Sim;;;19;1096;2192;;Não;AC
483;2026;;2021.0;25/01/2024;2024;;;;15/07/2026;29/04/2003;;;Curso Superior de Tecnologia em Análise e Desenvolvimento de Sistemas;TO;Solteiro;Parda;Processo Seletivo/Escola Pública, Preto, Pardo ou Indígena, baixa renda (R2);36.69;AraguaínaTO;1702109;0;Brasileira;AraguaínaTO;1702109;Graduação;12.0;1;0.5;M;Matriculado;Em Aberto;Pública;;;;Urbana;Não;Sim;Sim;Sim;Não;Sim;Não;Não;Não;Sim;Sim;;;22;1096;2192;;Sim;R2
484;2021;;2009.0;23/03/2016;2016;;;;16/07/2026;28/05/1992;;;Curso Superior de Tecnologia em Análise e Desenvolvimento de Sistemas;TO;Solteiro;Parda;PS/Ampla Concorrência (Inativa);1.0;AraguaínaTO;1702109;0;Brasileira;AraguaínaTO;1702109;Graduação;31.71;1;;M;Cancelamento por Desligamento;Período Fechado;Pública;;;;Urbana;;;;;;;;;;;;;;33;1096;2192;;Não;AC
217;2020;2023.0;2007.0;30/01/2015;2015;05/06/2023;02/10/2023;26/06/2024;22/10/2025;13/09/1989;;;Curso Superior de Tecnologia em Análise e Desenvolvimento de Sistemas;TO;Casado;Parda;PS/Ampla Concorrência (Inativa);74.75;AraguaínaTO;1702109;0;Brasileira;TucumaPA;1508084;Graduação;100.0;1;;F;Formado;Período Fechado;Pública;;;;Urbana;Não;Não;Não;Não;Não;Não;;Não;Não;Não;Não;3167.0;3048.0;36;1096;2192;119.0;Não;AC
486;2027;;2021.0;14/01/2022;2022;;;;18/07/2026;01/09/2003;;;Curso Superior de Tecnologia em Análise e Desenvolvimento de Sistemas;TO;Solteiro;Parda;Processo Seletivo/Escola pública, baixa renda (R4);1.0;AraguaínaTO;1702109;0;Brasileira;AraguaínaTO;1702109;Graduação;0.0;1;;F;Cancelamento por Desligamento;Período Fechado;Pública;;;;Urbana;;;;;;;;;;;;;;22;1096;2192;;Sim;R4
487;2027;;2024.0;03/02/2025;2025;;;;19/07/2026;28/04/2006;;;Curso Superior de Tecnologia em Análise e Desenvolvimento de Sistemas;TO;Solteiro;Parda;Processo Seletivo/LI_EP: Candidatos que, independentemente da renda, tenham cursado integralmente o ensino médio em escolas públicas;0.0;AraguaínaTO;1702109;0;Brasileira;AraguaínaTO;1702109;Graduação;;1;;F;Cancelado;Cancelada;Pública;;;;Urbana;;;;;;;;;;;;;;19;1096;2192;;Sim;LI_EP
488;2026;;2020.0;25/01/2024;2024;;;;20/07/2026;26/11/2002;;;Curso Superior de Tecnologia em Análise e Desenvolvimento de Sistemas;TO;Solteiro;Preta;Processo Seletivo/Escola Pública, Preto, Pardo ou Indígena, Independente de renda (R6);72.86;AraguaínaTO;1702109;0;Brasileira;AraguaínaTO;1702109;Graduação;41.0;1;0.3;F;Matriculado;Matriculado;Pública;;;;Urbana;Não;Sim;Sim;Sim;Não;Sim;Não;Não;Não;Sim;Sim;;;22;1096;2192;;Sim;R6
489;2027;;2024.0;03/02/2025;2025;;;;21/07/2026;27/02/2007;;;Curso Superior de Tecnologia em Análise e Desenvolvimento de Sistemas;TO;Solteiro;Parda;SISU/LB_PPI: Candidatos autodeclarados pretos, pardos ou indígenas, com renda familiar bruta per capita igual ou inferior a 1 salário mínimo e que tenham cursado integralmente o ensino médio em escolas públicas;0.0;AraguaínaTO;1702109;0;Brasileira;TocantinópolisTO;1721208;Graduação;;1;;F;Cancelado;Cancelada;Pública;;;;Urbana;;;;;;;;;;;;;;18;1096;2192;;Sim;LB_PPI
